,Species,Specimen,Site,variable,value
1,Hemidactylus mabuoia,12595,Carmabi,Diptera,0
3,Hemidactylus mabuoia,12703,Carmabi,Diptera,0
5,Hemidactylus mabuoia,12705,Carmabi,Diptera,0
133,Hemidactylus mabuoia,12595,Carmabi,Lepidoptera,0
135,Hemidactylus mabuoia,12703,Carmabi,Lepidoptera,0
137,Hemidactylus mabuoia,12705,Carmabi,Lepidoptera,0
265,Hemidactylus mabuoia,12595,Carmabi,Coleoptera,0
267,Hemidactylus mabuoia,12703,Carmabi,Coleoptera,0
269,Hemidactylus mabuoia,12705,Carmabi,Coleoptera,0.5
397,Hemidactylus mabuoia,12595,Carmabi,Archnid_scorp,0
399,Hemidactylus mabuoia,12703,Carmabi,Archnid_scorp,0
401,Hemidactylus mabuoia,12705,Carmabi,Archnid_scorp,0
529,Hemidactylus mabuoia,12595,Carmabi,Archnid_spider,0
531,Hemidactylus mabuoia,12703,Carmabi,Archnid_spider,0
533,Hemidactylus mabuoia,12705,Carmabi,Archnid_spider,0.5
661,Hemidactylus mabuoia,12595,Carmabi,Other,0
663,Hemidactylus mabuoia,12703,Carmabi,Other,0
665,Hemidactylus mabuoia,12705,Carmabi,Other,0
793,Hemidactylus mabuoia,12595,Carmabi,Centipede,0
795,Hemidactylus mabuoia,12703,Carmabi,Centipede,0
797,Hemidactylus mabuoia,12705,Carmabi,Centipede,0
925,Hemidactylus mabuoia,12595,Carmabi,Isopod,1
927,Hemidactylus mabuoia,12703,Carmabi,Isopod,0
929,Hemidactylus mabuoia,12705,Carmabi,Isopod,0
1057,Hemidactylus mabuoia,12595,Carmabi,Hemiptera,0
1059,Hemidactylus mabuoia,12703,Carmabi,Hemiptera,0.5
1061,Hemidactylus mabuoia,12705,Carmabi,Hemiptera,0
1189,Hemidactylus mabuoia,12595,Carmabi,Hymenoptera,0
1191,Hemidactylus mabuoia,12703,Carmabi,Hymenoptera,0.5
1193,Hemidactylus mabuoia,12705,Carmabi,Hymenoptera,0
1321,Hemidactylus mabuoia,12595,Carmabi,Orthoptera,0
1323,Hemidactylus mabuoia,12703,Carmabi,Orthoptera,0
1325,Hemidactylus mabuoia,12705,Carmabi,Orthoptera,0
1453,Hemidactylus mabuoia,12595,Carmabi,Ephermeroptera,0
1455,Hemidactylus mabuoia,12703,Carmabi,Ephermeroptera,0
1457,Hemidactylus mabuoia,12705,Carmabi,Ephermeroptera,0
1585,Hemidactylus mabuoia,12595,Carmabi,Gecko_skin,0
1587,Hemidactylus mabuoia,12703,Carmabi,Gecko_skin,0
1589,Hemidactylus mabuoia,12705,Carmabi,Gecko_skin,0
1717,Hemidactylus mabuoia,12595,Carmabi,Blattaria,0
1719,Hemidactylus mabuoia,12703,Carmabi,Blattaria,0
1721,Hemidactylus mabuoia,12705,Carmabi,Blattaria,0
1849,Hemidactylus mabuoia,12595,Carmabi,Empty,0
1851,Hemidactylus mabuoia,12703,Carmabi,Empty,0
1853,Hemidactylus mabuoia,12705,Carmabi,Empty,0
1981,Hemidactylus mabuoia,12595,Carmabi,Ramphotyphlops,0
1983,Hemidactylus mabuoia,12703,Carmabi,Ramphotyphlops,0
1985,Hemidactylus mabuoia,12705,Carmabi,Ramphotyphlops,0
2113,Hemidactylus mabuoia,12595,Carmabi,Gonatodes.antillensis,0
2115,Hemidactylus mabuoia,12703,Carmabi,Gonatodes.antillensis,0
2117,Hemidactylus mabuoia,12705,Carmabi,Gonatodes.antillensis,0
2245,Hemidactylus mabuoia,12595,Carmabi,Phylodactylus,0
2247,Hemidactylus mabuoia,12703,Carmabi,Phylodactylus,0
2249,Hemidactylus mabuoia,12705,Carmabi,Phylodactylus,0
9,Hemidactylus mabuoia,12681,Lagun,Diptera,0
11,Hemidactylus mabuoia,12690,Lagun,Diptera,0
12,Hemidactylus mabuoia,12691,Lagun,Diptera,0
13,Hemidactylus mabuoia,12692,Lagun,Diptera,0
14,Hemidactylus mabuoia,12694,Lagun,Diptera,0
15,Hemidactylus mabuoia,12695,Lagun,Diptera,0
16,Hemidactylus mabuoia,12696,Lagun,Diptera,0
18,Hemidactylus mabuoia,12702,Lagun,Diptera,1
19,Hemidactylus mabuoia,12708,Lagun,Diptera,0
21,Hemidactylus mabuoia,12711,Lagun,Diptera,0
22,Hemidactylus mabuoia,12712,Lagun,Diptera,0
141,Hemidactylus mabuoia,12681,Lagun,Lepidoptera,0.5
143,Hemidactylus mabuoia,12690,Lagun,Lepidoptera,0
144,Hemidactylus mabuoia,12691,Lagun,Lepidoptera,0
145,Hemidactylus mabuoia,12692,Lagun,Lepidoptera,0
146,Hemidactylus mabuoia,12694,Lagun,Lepidoptera,0
147,Hemidactylus mabuoia,12695,Lagun,Lepidoptera,0
148,Hemidactylus mabuoia,12696,Lagun,Lepidoptera,0
150,Hemidactylus mabuoia,12702,Lagun,Lepidoptera,0
151,Hemidactylus mabuoia,12708,Lagun,Lepidoptera,0
153,Hemidactylus mabuoia,12711,Lagun,Lepidoptera,0
154,Hemidactylus mabuoia,12712,Lagun,Lepidoptera,1
273,Hemidactylus mabuoia,12681,Lagun,Coleoptera,0
275,Hemidactylus mabuoia,12690,Lagun,Coleoptera,1
276,Hemidactylus mabuoia,12691,Lagun,Coleoptera,0
277,Hemidactylus mabuoia,12692,Lagun,Coleoptera,0
278,Hemidactylus mabuoia,12694,Lagun,Coleoptera,0
279,Hemidactylus mabuoia,12695,Lagun,Coleoptera,0
280,Hemidactylus mabuoia,12696,Lagun,Coleoptera,0
282,Hemidactylus mabuoia,12702,Lagun,Coleoptera,0
283,Hemidactylus mabuoia,12708,Lagun,Coleoptera,1
285,Hemidactylus mabuoia,12711,Lagun,Coleoptera,0
286,Hemidactylus mabuoia,12712,Lagun,Coleoptera,0
405,Hemidactylus mabuoia,12681,Lagun,Archnid_scorp,0
407,Hemidactylus mabuoia,12690,Lagun,Archnid_scorp,0
408,Hemidactylus mabuoia,12691,Lagun,Archnid_scorp,0
409,Hemidactylus mabuoia,12692,Lagun,Archnid_scorp,0
410,Hemidactylus mabuoia,12694,Lagun,Archnid_scorp,0
411,Hemidactylus mabuoia,12695,Lagun,Archnid_scorp,0
412,Hemidactylus mabuoia,12696,Lagun,Archnid_scorp,0
414,Hemidactylus mabuoia,12702,Lagun,Archnid_scorp,0
415,Hemidactylus mabuoia,12708,Lagun,Archnid_scorp,0
417,Hemidactylus mabuoia,12711,Lagun,Archnid_scorp,0
418,Hemidactylus mabuoia,12712,Lagun,Archnid_scorp,0
537,Hemidactylus mabuoia,12681,Lagun,Archnid_spider,0
539,Hemidactylus mabuoia,12690,Lagun,Archnid_spider,0
540,Hemidactylus mabuoia,12691,Lagun,Archnid_spider,0
541,Hemidactylus mabuoia,12692,Lagun,Archnid_spider,1
542,Hemidactylus mabuoia,12694,Lagun,Archnid_spider,0
543,Hemidactylus mabuoia,12695,Lagun,Archnid_spider,0
544,Hemidactylus mabuoia,12696,Lagun,Archnid_spider,0
546,Hemidactylus mabuoia,12702,Lagun,Archnid_spider,0
547,Hemidactylus mabuoia,12708,Lagun,Archnid_spider,0
549,Hemidactylus mabuoia,12711,Lagun,Archnid_spider,0
550,Hemidactylus mabuoia,12712,Lagun,Archnid_spider,0
669,Hemidactylus mabuoia,12681,Lagun,Other,0
671,Hemidactylus mabuoia,12690,Lagun,Other,0
672,Hemidactylus mabuoia,12691,Lagun,Other,0
673,Hemidactylus mabuoia,12692,Lagun,Other,0
674,Hemidactylus mabuoia,12694,Lagun,Other,0
675,Hemidactylus mabuoia,12695,Lagun,Other,0
676,Hemidactylus mabuoia,12696,Lagun,Other,0
678,Hemidactylus mabuoia,12702,Lagun,Other,0
679,Hemidactylus mabuoia,12708,Lagun,Other,0
681,Hemidactylus mabuoia,12711,Lagun,Other,0
682,Hemidactylus mabuoia,12712,Lagun,Other,0
801,Hemidactylus mabuoia,12681,Lagun,Centipede,0
803,Hemidactylus mabuoia,12690,Lagun,Centipede,0
804,Hemidactylus mabuoia,12691,Lagun,Centipede,0
805,Hemidactylus mabuoia,12692,Lagun,Centipede,0
806,Hemidactylus mabuoia,12694,Lagun,Centipede,0
807,Hemidactylus mabuoia,12695,Lagun,Centipede,0
808,Hemidactylus mabuoia,12696,Lagun,Centipede,0
810,Hemidactylus mabuoia,12702,Lagun,Centipede,0
811,Hemidactylus mabuoia,12708,Lagun,Centipede,0
813,Hemidactylus mabuoia,12711,Lagun,Centipede,0
814,Hemidactylus mabuoia,12712,Lagun,Centipede,0
933,Hemidactylus mabuoia,12681,Lagun,Isopod,0
935,Hemidactylus mabuoia,12690,Lagun,Isopod,0
936,Hemidactylus mabuoia,12691,Lagun,Isopod,0
937,Hemidactylus mabuoia,12692,Lagun,Isopod,0
938,Hemidactylus mabuoia,12694,Lagun,Isopod,0
939,Hemidactylus mabuoia,12695,Lagun,Isopod,1
940,Hemidactylus mabuoia,12696,Lagun,Isopod,0
942,Hemidactylus mabuoia,12702,Lagun,Isopod,0
943,Hemidactylus mabuoia,12708,Lagun,Isopod,0
945,Hemidactylus mabuoia,12711,Lagun,Isopod,0
946,Hemidactylus mabuoia,12712,Lagun,Isopod,0
1065,Hemidactylus mabuoia,12681,Lagun,Hemiptera,0
1067,Hemidactylus mabuoia,12690,Lagun,Hemiptera,0
1068,Hemidactylus mabuoia,12691,Lagun,Hemiptera,0
1069,Hemidactylus mabuoia,12692,Lagun,Hemiptera,0
1070,Hemidactylus mabuoia,12694,Lagun,Hemiptera,0
1071,Hemidactylus mabuoia,12695,Lagun,Hemiptera,0
1072,Hemidactylus mabuoia,12696,Lagun,Hemiptera,0
1074,Hemidactylus mabuoia,12702,Lagun,Hemiptera,0
1075,Hemidactylus mabuoia,12708,Lagun,Hemiptera,0
1077,Hemidactylus mabuoia,12711,Lagun,Hemiptera,0
1078,Hemidactylus mabuoia,12712,Lagun,Hemiptera,0
1197,Hemidactylus mabuoia,12681,Lagun,Hymenoptera,0
1199,Hemidactylus mabuoia,12690,Lagun,Hymenoptera,0
1200,Hemidactylus mabuoia,12691,Lagun,Hymenoptera,0
1201,Hemidactylus mabuoia,12692,Lagun,Hymenoptera,0
1202,Hemidactylus mabuoia,12694,Lagun,Hymenoptera,0
1203,Hemidactylus mabuoia,12695,Lagun,Hymenoptera,0
1204,Hemidactylus mabuoia,12696,Lagun,Hymenoptera,0
1206,Hemidactylus mabuoia,12702,Lagun,Hymenoptera,0
1207,Hemidactylus mabuoia,12708,Lagun,Hymenoptera,0
1209,Hemidactylus mabuoia,12711,Lagun,Hymenoptera,0
1210,Hemidactylus mabuoia,12712,Lagun,Hymenoptera,0
1329,Hemidactylus mabuoia,12681,Lagun,Orthoptera,0
1331,Hemidactylus mabuoia,12690,Lagun,Orthoptera,0
1332,Hemidactylus mabuoia,12691,Lagun,Orthoptera,1
1333,Hemidactylus mabuoia,12692,Lagun,Orthoptera,0
1334,Hemidactylus mabuoia,12694,Lagun,Orthoptera,0
1335,Hemidactylus mabuoia,12695,Lagun,Orthoptera,0
1336,Hemidactylus mabuoia,12696,Lagun,Orthoptera,1
1338,Hemidactylus mabuoia,12702,Lagun,Orthoptera,0
1339,Hemidactylus mabuoia,12708,Lagun,Orthoptera,0
1341,Hemidactylus mabuoia,12711,Lagun,Orthoptera,0
1342,Hemidactylus mabuoia,12712,Lagun,Orthoptera,0
1461,Hemidactylus mabuoia,12681,Lagun,Ephermeroptera,0
1463,Hemidactylus mabuoia,12690,Lagun,Ephermeroptera,0
1464,Hemidactylus mabuoia,12691,Lagun,Ephermeroptera,0
1465,Hemidactylus mabuoia,12692,Lagun,Ephermeroptera,0
1466,Hemidactylus mabuoia,12694,Lagun,Ephermeroptera,0
1467,Hemidactylus mabuoia,12695,Lagun,Ephermeroptera,0
1468,Hemidactylus mabuoia,12696,Lagun,Ephermeroptera,0
1470,Hemidactylus mabuoia,12702,Lagun,Ephermeroptera,0
1471,Hemidactylus mabuoia,12708,Lagun,Ephermeroptera,0
1473,Hemidactylus mabuoia,12711,Lagun,Ephermeroptera,0
1474,Hemidactylus mabuoia,12712,Lagun,Ephermeroptera,0
1593,Hemidactylus mabuoia,12681,Lagun,Gecko_skin,0
1595,Hemidactylus mabuoia,12690,Lagun,Gecko_skin,0
1596,Hemidactylus mabuoia,12691,Lagun,Gecko_skin,0
1597,Hemidactylus mabuoia,12692,Lagun,Gecko_skin,0
1598,Hemidactylus mabuoia,12694,Lagun,Gecko_skin,0
1599,Hemidactylus mabuoia,12695,Lagun,Gecko_skin,0
1600,Hemidactylus mabuoia,12696,Lagun,Gecko_skin,0
1602,Hemidactylus mabuoia,12702,Lagun,Gecko_skin,0
1603,Hemidactylus mabuoia,12708,Lagun,Gecko_skin,0
1605,Hemidactylus mabuoia,12711,Lagun,Gecko_skin,0
1606,Hemidactylus mabuoia,12712,Lagun,Gecko_skin,0
1725,Hemidactylus mabuoia,12681,Lagun,Blattaria,0.5
1727,Hemidactylus mabuoia,12690,Lagun,Blattaria,0
1728,Hemidactylus mabuoia,12691,Lagun,Blattaria,0
1729,Hemidactylus mabuoia,12692,Lagun,Blattaria,0
1730,Hemidactylus mabuoia,12694,Lagun,Blattaria,0
1731,Hemidactylus mabuoia,12695,Lagun,Blattaria,0
1732,Hemidactylus mabuoia,12696,Lagun,Blattaria,0
1734,Hemidactylus mabuoia,12702,Lagun,Blattaria,0
1735,Hemidactylus mabuoia,12708,Lagun,Blattaria,0
1737,Hemidactylus mabuoia,12711,Lagun,Blattaria,0
1738,Hemidactylus mabuoia,12712,Lagun,Blattaria,0
1857,Hemidactylus mabuoia,12681,Lagun,Empty,0
1859,Hemidactylus mabuoia,12690,Lagun,Empty,0
1860,Hemidactylus mabuoia,12691,Lagun,Empty,0
1861,Hemidactylus mabuoia,12692,Lagun,Empty,0
1862,Hemidactylus mabuoia,12694,Lagun,Empty,1
1863,Hemidactylus mabuoia,12695,Lagun,Empty,0
1864,Hemidactylus mabuoia,12696,Lagun,Empty,0
1866,Hemidactylus mabuoia,12702,Lagun,Empty,0
1867,Hemidactylus mabuoia,12708,Lagun,Empty,0
1869,Hemidactylus mabuoia,12711,Lagun,Empty,1
1870,Hemidactylus mabuoia,12712,Lagun,Empty,0
1989,Hemidactylus mabuoia,12681,Lagun,Ramphotyphlops,0
1991,Hemidactylus mabuoia,12690,Lagun,Ramphotyphlops,0
1992,Hemidactylus mabuoia,12691,Lagun,Ramphotyphlops,0
1993,Hemidactylus mabuoia,12692,Lagun,Ramphotyphlops,0
1994,Hemidactylus mabuoia,12694,Lagun,Ramphotyphlops,0
1995,Hemidactylus mabuoia,12695,Lagun,Ramphotyphlops,0
1996,Hemidactylus mabuoia,12696,Lagun,Ramphotyphlops,0
1998,Hemidactylus mabuoia,12702,Lagun,Ramphotyphlops,0
1999,Hemidactylus mabuoia,12708,Lagun,Ramphotyphlops,0
2001,Hemidactylus mabuoia,12711,Lagun,Ramphotyphlops,0
2002,Hemidactylus mabuoia,12712,Lagun,Ramphotyphlops,0
2121,Hemidactylus mabuoia,12681,Lagun,Gonatodes.antillensis,0
2123,Hemidactylus mabuoia,12690,Lagun,Gonatodes.antillensis,0
2124,Hemidactylus mabuoia,12691,Lagun,Gonatodes.antillensis,0
2125,Hemidactylus mabuoia,12692,Lagun,Gonatodes.antillensis,0
2126,Hemidactylus mabuoia,12694,Lagun,Gonatodes.antillensis,0
2127,Hemidactylus mabuoia,12695,Lagun,Gonatodes.antillensis,0
2128,Hemidactylus mabuoia,12696,Lagun,Gonatodes.antillensis,0
2130,Hemidactylus mabuoia,12702,Lagun,Gonatodes.antillensis,0
2131,Hemidactylus mabuoia,12708,Lagun,Gonatodes.antillensis,0
2133,Hemidactylus mabuoia,12711,Lagun,Gonatodes.antillensis,0
2134,Hemidactylus mabuoia,12712,Lagun,Gonatodes.antillensis,0
2253,Hemidactylus mabuoia,12681,Lagun,Phylodactylus,0
2255,Hemidactylus mabuoia,12690,Lagun,Phylodactylus,0
2256,Hemidactylus mabuoia,12691,Lagun,Phylodactylus,0
2257,Hemidactylus mabuoia,12692,Lagun,Phylodactylus,0
2258,Hemidactylus mabuoia,12694,Lagun,Phylodactylus,0
2259,Hemidactylus mabuoia,12695,Lagun,Phylodactylus,0
2260,Hemidactylus mabuoia,12696,Lagun,Phylodactylus,0
2262,Hemidactylus mabuoia,12702,Lagun,Phylodactylus,0
2263,Hemidactylus mabuoia,12708,Lagun,Phylodactylus,0
2265,Hemidactylus mabuoia,12711,Lagun,Phylodactylus,0
2266,Hemidactylus mabuoia,12712,Lagun,Phylodactylus,0
41,Hemidactylus mabuoia,12506,Westpunt,Diptera,0.333333333
42,Hemidactylus mabuoia,12507,Westpunt,Diptera,0
43,Hemidactylus mabuoia,12508,Westpunt,Diptera,1
44,Hemidactylus mabuoia,12509,Westpunt,Diptera,0
45,Hemidactylus mabuoia,12510,Westpunt,Diptera,0
57,Hemidactylus mabuoia,12540,Westpunt,Diptera,0.5
63,Hemidactylus mabuoia,12552,Westpunt,Diptera,0
64,Hemidactylus mabuoia,12575,Westpunt,Diptera,0
65,Hemidactylus mabuoia,12576,Westpunt,Diptera,0
66,Hemidactylus mabuoia,12577,Westpunt,Diptera,0
75,Hemidactylus mabuoia,12632,Westpunt,Diptera,0
76,Hemidactylus mabuoia,12633,Westpunt,Diptera,0
77,Hemidactylus mabuoia,12634,Westpunt,Diptera,0
83,Hemidactylus mabuoia,12674,Westpunt,Diptera,0
84,Hemidactylus mabuoia,12676,Westpunt,Diptera,0
105,Hemidactylus mabuoia,a1,Westpunt,Diptera,0
106,Hemidactylus mabuoia,a2,Westpunt,Diptera,0
107,Hemidactylus mabuoia,a3,Westpunt,Diptera,0
108,Hemidactylus mabuoia,a4,Westpunt,Diptera,0
109,Hemidactylus mabuoia,a5,Westpunt,Diptera,0
110,Hemidactylus mabuoia,a6,Westpunt,Diptera,0
111,Hemidactylus mabuoia,a7,Westpunt,Diptera,0
112,Hemidactylus mabuoia,a8,Westpunt,Diptera,0
113,Hemidactylus mabuoia,a9,Westpunt,Diptera,0
114,Hemidactylus mabuoia,a10,Westpunt,Diptera,0
115,Hemidactylus mabuoia,a11,Westpunt,Diptera,0
116,Hemidactylus mabuoia,a12,Westpunt,Diptera,0
117,Hemidactylus mabuoia,a13,Westpunt,Diptera,0
118,Hemidactylus mabuoia,a14,Westpunt,Diptera,0
119,Hemidactylus mabuoia,a15,Westpunt,Diptera,0
120,Hemidactylus mabuoia,a16,Westpunt,Diptera,0
173,Hemidactylus mabuoia,12506,Westpunt,Lepidoptera,0
174,Hemidactylus mabuoia,12507,Westpunt,Lepidoptera,0
175,Hemidactylus mabuoia,12508,Westpunt,Lepidoptera,0
176,Hemidactylus mabuoia,12509,Westpunt,Lepidoptera,0
177,Hemidactylus mabuoia,12510,Westpunt,Lepidoptera,1
189,Hemidactylus mabuoia,12540,Westpunt,Lepidoptera,0.5
195,Hemidactylus mabuoia,12552,Westpunt,Lepidoptera,0
196,Hemidactylus mabuoia,12575,Westpunt,Lepidoptera,0
197,Hemidactylus mabuoia,12576,Westpunt,Lepidoptera,0
198,Hemidactylus mabuoia,12577,Westpunt,Lepidoptera,0
207,Hemidactylus mabuoia,12632,Westpunt,Lepidoptera,0
208,Hemidactylus mabuoia,12633,Westpunt,Lepidoptera,0
209,Hemidactylus mabuoia,12634,Westpunt,Lepidoptera,0
215,Hemidactylus mabuoia,12674,Westpunt,Lepidoptera,0
216,Hemidactylus mabuoia,12676,Westpunt,Lepidoptera,0
237,Hemidactylus mabuoia,a1,Westpunt,Lepidoptera,0
238,Hemidactylus mabuoia,a2,Westpunt,Lepidoptera,0
239,Hemidactylus mabuoia,a3,Westpunt,Lepidoptera,0
240,Hemidactylus mabuoia,a4,Westpunt,Lepidoptera,0
241,Hemidactylus mabuoia,a5,Westpunt,Lepidoptera,0
242,Hemidactylus mabuoia,a6,Westpunt,Lepidoptera,0
243,Hemidactylus mabuoia,a7,Westpunt,Lepidoptera,0
244,Hemidactylus mabuoia,a8,Westpunt,Lepidoptera,0
245,Hemidactylus mabuoia,a9,Westpunt,Lepidoptera,1
246,Hemidactylus mabuoia,a10,Westpunt,Lepidoptera,0
247,Hemidactylus mabuoia,a11,Westpunt,Lepidoptera,0
248,Hemidactylus mabuoia,a12,Westpunt,Lepidoptera,0
249,Hemidactylus mabuoia,a13,Westpunt,Lepidoptera,0
250,Hemidactylus mabuoia,a14,Westpunt,Lepidoptera,0
251,Hemidactylus mabuoia,a15,Westpunt,Lepidoptera,0
252,Hemidactylus mabuoia,a16,Westpunt,Lepidoptera,0
305,Hemidactylus mabuoia,12506,Westpunt,Coleoptera,0
306,Hemidactylus mabuoia,12507,Westpunt,Coleoptera,1
307,Hemidactylus mabuoia,12508,Westpunt,Coleoptera,0
308,Hemidactylus mabuoia,12509,Westpunt,Coleoptera,0
309,Hemidactylus mabuoia,12510,Westpunt,Coleoptera,0
321,Hemidactylus mabuoia,12540,Westpunt,Coleoptera,0
327,Hemidactylus mabuoia,12552,Westpunt,Coleoptera,0
328,Hemidactylus mabuoia,12575,Westpunt,Coleoptera,0
329,Hemidactylus mabuoia,12576,Westpunt,Coleoptera,0
330,Hemidactylus mabuoia,12577,Westpunt,Coleoptera,0
339,Hemidactylus mabuoia,12632,Westpunt,Coleoptera,0
340,Hemidactylus mabuoia,12633,Westpunt,Coleoptera,0
341,Hemidactylus mabuoia,12634,Westpunt,Coleoptera,0
347,Hemidactylus mabuoia,12674,Westpunt,Coleoptera,0
348,Hemidactylus mabuoia,12676,Westpunt,Coleoptera,0
369,Hemidactylus mabuoia,a1,Westpunt,Coleoptera,1
370,Hemidactylus mabuoia,a2,Westpunt,Coleoptera,0
371,Hemidactylus mabuoia,a3,Westpunt,Coleoptera,0
372,Hemidactylus mabuoia,a4,Westpunt,Coleoptera,0
373,Hemidactylus mabuoia,a5,Westpunt,Coleoptera,1
374,Hemidactylus mabuoia,a6,Westpunt,Coleoptera,0
375,Hemidactylus mabuoia,a7,Westpunt,Coleoptera,0.5
376,Hemidactylus mabuoia,a8,Westpunt,Coleoptera,0
377,Hemidactylus mabuoia,a9,Westpunt,Coleoptera,0
378,Hemidactylus mabuoia,a10,Westpunt,Coleoptera,0
379,Hemidactylus mabuoia,a11,Westpunt,Coleoptera,0
380,Hemidactylus mabuoia,a12,Westpunt,Coleoptera,0
381,Hemidactylus mabuoia,a13,Westpunt,Coleoptera,1
382,Hemidactylus mabuoia,a14,Westpunt,Coleoptera,0
383,Hemidactylus mabuoia,a15,Westpunt,Coleoptera,0
384,Hemidactylus mabuoia,a16,Westpunt,Coleoptera,0
437,Hemidactylus mabuoia,12506,Westpunt,Archnid_scorp,0
438,Hemidactylus mabuoia,12507,Westpunt,Archnid_scorp,0
439,Hemidactylus mabuoia,12508,Westpunt,Archnid_scorp,0
440,Hemidactylus mabuoia,12509,Westpunt,Archnid_scorp,0
441,Hemidactylus mabuoia,12510,Westpunt,Archnid_scorp,0
453,Hemidactylus mabuoia,12540,Westpunt,Archnid_scorp,0
459,Hemidactylus mabuoia,12552,Westpunt,Archnid_scorp,0
460,Hemidactylus mabuoia,12575,Westpunt,Archnid_scorp,0
461,Hemidactylus mabuoia,12576,Westpunt,Archnid_scorp,0
462,Hemidactylus mabuoia,12577,Westpunt,Archnid_scorp,0
471,Hemidactylus mabuoia,12632,Westpunt,Archnid_scorp,0
472,Hemidactylus mabuoia,12633,Westpunt,Archnid_scorp,0
473,Hemidactylus mabuoia,12634,Westpunt,Archnid_scorp,0
479,Hemidactylus mabuoia,12674,Westpunt,Archnid_scorp,0
480,Hemidactylus mabuoia,12676,Westpunt,Archnid_scorp,0
501,Hemidactylus mabuoia,a1,Westpunt,Archnid_scorp,0
502,Hemidactylus mabuoia,a2,Westpunt,Archnid_scorp,0
503,Hemidactylus mabuoia,a3,Westpunt,Archnid_scorp,0
504,Hemidactylus mabuoia,a4,Westpunt,Archnid_scorp,0
505,Hemidactylus mabuoia,a5,Westpunt,Archnid_scorp,0
506,Hemidactylus mabuoia,a6,Westpunt,Archnid_scorp,0
507,Hemidactylus mabuoia,a7,Westpunt,Archnid_scorp,0
508,Hemidactylus mabuoia,a8,Westpunt,Archnid_scorp,0
509,Hemidactylus mabuoia,a9,Westpunt,Archnid_scorp,0
510,Hemidactylus mabuoia,a10,Westpunt,Archnid_scorp,0
511,Hemidactylus mabuoia,a11,Westpunt,Archnid_scorp,0
512,Hemidactylus mabuoia,a12,Westpunt,Archnid_scorp,0
513,Hemidactylus mabuoia,a13,Westpunt,Archnid_scorp,0
514,Hemidactylus mabuoia,a14,Westpunt,Archnid_scorp,0
515,Hemidactylus mabuoia,a15,Westpunt,Archnid_scorp,0
516,Hemidactylus mabuoia,a16,Westpunt,Archnid_scorp,0
569,Hemidactylus mabuoia,12506,Westpunt,Archnid_spider,0.666666667
570,Hemidactylus mabuoia,12507,Westpunt,Archnid_spider,0
571,Hemidactylus mabuoia,12508,Westpunt,Archnid_spider,0
572,Hemidactylus mabuoia,12509,Westpunt,Archnid_spider,0
573,Hemidactylus mabuoia,12510,Westpunt,Archnid_spider,0
585,Hemidactylus mabuoia,12540,Westpunt,Archnid_spider,0
591,Hemidactylus mabuoia,12552,Westpunt,Archnid_spider,0
592,Hemidactylus mabuoia,12575,Westpunt,Archnid_spider,0
593,Hemidactylus mabuoia,12576,Westpunt,Archnid_spider,0
594,Hemidactylus mabuoia,12577,Westpunt,Archnid_spider,0
603,Hemidactylus mabuoia,12632,Westpunt,Archnid_spider,0
604,Hemidactylus mabuoia,12633,Westpunt,Archnid_spider,0
605,Hemidactylus mabuoia,12634,Westpunt,Archnid_spider,0
611,Hemidactylus mabuoia,12674,Westpunt,Archnid_spider,0
612,Hemidactylus mabuoia,12676,Westpunt,Archnid_spider,0
633,Hemidactylus mabuoia,a1,Westpunt,Archnid_spider,0
634,Hemidactylus mabuoia,a2,Westpunt,Archnid_spider,0
635,Hemidactylus mabuoia,a3,Westpunt,Archnid_spider,0
636,Hemidactylus mabuoia,a4,Westpunt,Archnid_spider,0
637,Hemidactylus mabuoia,a5,Westpunt,Archnid_spider,0
638,Hemidactylus mabuoia,a6,Westpunt,Archnid_spider,0
639,Hemidactylus mabuoia,a7,Westpunt,Archnid_spider,0
640,Hemidactylus mabuoia,a8,Westpunt,Archnid_spider,0
641,Hemidactylus mabuoia,a9,Westpunt,Archnid_spider,0
642,Hemidactylus mabuoia,a10,Westpunt,Archnid_spider,1
643,Hemidactylus mabuoia,a11,Westpunt,Archnid_spider,1
644,Hemidactylus mabuoia,a12,Westpunt,Archnid_spider,0
645,Hemidactylus mabuoia,a13,Westpunt,Archnid_spider,0
646,Hemidactylus mabuoia,a14,Westpunt,Archnid_spider,0
647,Hemidactylus mabuoia,a15,Westpunt,Archnid_spider,0
648,Hemidactylus mabuoia,a16,Westpunt,Archnid_spider,0
701,Hemidactylus mabuoia,12506,Westpunt,Other,0
702,Hemidactylus mabuoia,12507,Westpunt,Other,0
703,Hemidactylus mabuoia,12508,Westpunt,Other,0
704,Hemidactylus mabuoia,12509,Westpunt,Other,0
705,Hemidactylus mabuoia,12510,Westpunt,Other,0
717,Hemidactylus mabuoia,12540,Westpunt,Other,0
723,Hemidactylus mabuoia,12552,Westpunt,Other,0
724,Hemidactylus mabuoia,12575,Westpunt,Other,0
725,Hemidactylus mabuoia,12576,Westpunt,Other,0
726,Hemidactylus mabuoia,12577,Westpunt,Other,0
735,Hemidactylus mabuoia,12632,Westpunt,Other,0
736,Hemidactylus mabuoia,12633,Westpunt,Other,0
737,Hemidactylus mabuoia,12634,Westpunt,Other,1
743,Hemidactylus mabuoia,12674,Westpunt,Other,0
744,Hemidactylus mabuoia,12676,Westpunt,Other,0
765,Hemidactylus mabuoia,a1,Westpunt,Other,0
766,Hemidactylus mabuoia,a2,Westpunt,Other,0
767,Hemidactylus mabuoia,a3,Westpunt,Other,0
768,Hemidactylus mabuoia,a4,Westpunt,Other,0
769,Hemidactylus mabuoia,a5,Westpunt,Other,0
770,Hemidactylus mabuoia,a6,Westpunt,Other,0
771,Hemidactylus mabuoia,a7,Westpunt,Other,0
772,Hemidactylus mabuoia,a8,Westpunt,Other,0
773,Hemidactylus mabuoia,a9,Westpunt,Other,0
774,Hemidactylus mabuoia,a10,Westpunt,Other,0
775,Hemidactylus mabuoia,a11,Westpunt,Other,0
776,Hemidactylus mabuoia,a12,Westpunt,Other,0
777,Hemidactylus mabuoia,a13,Westpunt,Other,0
778,Hemidactylus mabuoia,a14,Westpunt,Other,0
779,Hemidactylus mabuoia,a15,Westpunt,Other,0
780,Hemidactylus mabuoia,a16,Westpunt,Other,0
833,Hemidactylus mabuoia,12506,Westpunt,Centipede,0
834,Hemidactylus mabuoia,12507,Westpunt,Centipede,0
835,Hemidactylus mabuoia,12508,Westpunt,Centipede,0
836,Hemidactylus mabuoia,12509,Westpunt,Centipede,0
837,Hemidactylus mabuoia,12510,Westpunt,Centipede,0
849,Hemidactylus mabuoia,12540,Westpunt,Centipede,0
855,Hemidactylus mabuoia,12552,Westpunt,Centipede,0
856,Hemidactylus mabuoia,12575,Westpunt,Centipede,0
857,Hemidactylus mabuoia,12576,Westpunt,Centipede,0
858,Hemidactylus mabuoia,12577,Westpunt,Centipede,0
867,Hemidactylus mabuoia,12632,Westpunt,Centipede,0
868,Hemidactylus mabuoia,12633,Westpunt,Centipede,0
869,Hemidactylus mabuoia,12634,Westpunt,Centipede,0
875,Hemidactylus mabuoia,12674,Westpunt,Centipede,0
876,Hemidactylus mabuoia,12676,Westpunt,Centipede,0
897,Hemidactylus mabuoia,a1,Westpunt,Centipede,0
898,Hemidactylus mabuoia,a2,Westpunt,Centipede,0
899,Hemidactylus mabuoia,a3,Westpunt,Centipede,0
900,Hemidactylus mabuoia,a4,Westpunt,Centipede,0
901,Hemidactylus mabuoia,a5,Westpunt,Centipede,0
902,Hemidactylus mabuoia,a6,Westpunt,Centipede,0
903,Hemidactylus mabuoia,a7,Westpunt,Centipede,0
904,Hemidactylus mabuoia,a8,Westpunt,Centipede,0
905,Hemidactylus mabuoia,a9,Westpunt,Centipede,0
906,Hemidactylus mabuoia,a10,Westpunt,Centipede,0
907,Hemidactylus mabuoia,a11,Westpunt,Centipede,0
908,Hemidactylus mabuoia,a12,Westpunt,Centipede,0
909,Hemidactylus mabuoia,a13,Westpunt,Centipede,0
910,Hemidactylus mabuoia,a14,Westpunt,Centipede,0
911,Hemidactylus mabuoia,a15,Westpunt,Centipede,0
912,Hemidactylus mabuoia,a16,Westpunt,Centipede,0
965,Hemidactylus mabuoia,12506,Westpunt,Isopod,0
966,Hemidactylus mabuoia,12507,Westpunt,Isopod,0
967,Hemidactylus mabuoia,12508,Westpunt,Isopod,0
968,Hemidactylus mabuoia,12509,Westpunt,Isopod,0
969,Hemidactylus mabuoia,12510,Westpunt,Isopod,0
981,Hemidactylus mabuoia,12540,Westpunt,Isopod,0
987,Hemidactylus mabuoia,12552,Westpunt,Isopod,1
988,Hemidactylus mabuoia,12575,Westpunt,Isopod,0
989,Hemidactylus mabuoia,12576,Westpunt,Isopod,1
990,Hemidactylus mabuoia,12577,Westpunt,Isopod,0
999,Hemidactylus mabuoia,12632,Westpunt,Isopod,0
1000,Hemidactylus mabuoia,12633,Westpunt,Isopod,0
1001,Hemidactylus mabuoia,12634,Westpunt,Isopod,0
1007,Hemidactylus mabuoia,12674,Westpunt,Isopod,0
1008,Hemidactylus mabuoia,12676,Westpunt,Isopod,0
1029,Hemidactylus mabuoia,a1,Westpunt,Isopod,0
1030,Hemidactylus mabuoia,a2,Westpunt,Isopod,0
1031,Hemidactylus mabuoia,a3,Westpunt,Isopod,0
1032,Hemidactylus mabuoia,a4,Westpunt,Isopod,0
1033,Hemidactylus mabuoia,a5,Westpunt,Isopod,0
1034,Hemidactylus mabuoia,a6,Westpunt,Isopod,0
1035,Hemidactylus mabuoia,a7,Westpunt,Isopod,0
1036,Hemidactylus mabuoia,a8,Westpunt,Isopod,0
1037,Hemidactylus mabuoia,a9,Westpunt,Isopod,0
1038,Hemidactylus mabuoia,a10,Westpunt,Isopod,0
1039,Hemidactylus mabuoia,a11,Westpunt,Isopod,0
1040,Hemidactylus mabuoia,a12,Westpunt,Isopod,0
1041,Hemidactylus mabuoia,a13,Westpunt,Isopod,0
1042,Hemidactylus mabuoia,a14,Westpunt,Isopod,0
1043,Hemidactylus mabuoia,a15,Westpunt,Isopod,0
1044,Hemidactylus mabuoia,a16,Westpunt,Isopod,0
1097,Hemidactylus mabuoia,12506,Westpunt,Hemiptera,0
1098,Hemidactylus mabuoia,12507,Westpunt,Hemiptera,0
1099,Hemidactylus mabuoia,12508,Westpunt,Hemiptera,0
1100,Hemidactylus mabuoia,12509,Westpunt,Hemiptera,0
1101,Hemidactylus mabuoia,12510,Westpunt,Hemiptera,0
1113,Hemidactylus mabuoia,12540,Westpunt,Hemiptera,0
1119,Hemidactylus mabuoia,12552,Westpunt,Hemiptera,0
1120,Hemidactylus mabuoia,12575,Westpunt,Hemiptera,0
1121,Hemidactylus mabuoia,12576,Westpunt,Hemiptera,0
1122,Hemidactylus mabuoia,12577,Westpunt,Hemiptera,0
1131,Hemidactylus mabuoia,12632,Westpunt,Hemiptera,0
1132,Hemidactylus mabuoia,12633,Westpunt,Hemiptera,0
1133,Hemidactylus mabuoia,12634,Westpunt,Hemiptera,0
1139,Hemidactylus mabuoia,12674,Westpunt,Hemiptera,0
1140,Hemidactylus mabuoia,12676,Westpunt,Hemiptera,0
1161,Hemidactylus mabuoia,a1,Westpunt,Hemiptera,0
1162,Hemidactylus mabuoia,a2,Westpunt,Hemiptera,0
1163,Hemidactylus mabuoia,a3,Westpunt,Hemiptera,0
1164,Hemidactylus mabuoia,a4,Westpunt,Hemiptera,0
1165,Hemidactylus mabuoia,a5,Westpunt,Hemiptera,0
1166,Hemidactylus mabuoia,a6,Westpunt,Hemiptera,0
1167,Hemidactylus mabuoia,a7,Westpunt,Hemiptera,0
1168,Hemidactylus mabuoia,a8,Westpunt,Hemiptera,0
1169,Hemidactylus mabuoia,a9,Westpunt,Hemiptera,0
1170,Hemidactylus mabuoia,a10,Westpunt,Hemiptera,0
1171,Hemidactylus mabuoia,a11,Westpunt,Hemiptera,0
1172,Hemidactylus mabuoia,a12,Westpunt,Hemiptera,0
1173,Hemidactylus mabuoia,a13,Westpunt,Hemiptera,0
1174,Hemidactylus mabuoia,a14,Westpunt,Hemiptera,0
1175,Hemidactylus mabuoia,a15,Westpunt,Hemiptera,0
1176,Hemidactylus mabuoia,a16,Westpunt,Hemiptera,0
1229,Hemidactylus mabuoia,12506,Westpunt,Hymenoptera,0
1230,Hemidactylus mabuoia,12507,Westpunt,Hymenoptera,0
1231,Hemidactylus mabuoia,12508,Westpunt,Hymenoptera,0
1232,Hemidactylus mabuoia,12509,Westpunt,Hymenoptera,0
1233,Hemidactylus mabuoia,12510,Westpunt,Hymenoptera,0
1245,Hemidactylus mabuoia,12540,Westpunt,Hymenoptera,0
1251,Hemidactylus mabuoia,12552,Westpunt,Hymenoptera,0
1252,Hemidactylus mabuoia,12575,Westpunt,Hymenoptera,0
1253,Hemidactylus mabuoia,12576,Westpunt,Hymenoptera,0
1254,Hemidactylus mabuoia,12577,Westpunt,Hymenoptera,0
1263,Hemidactylus mabuoia,12632,Westpunt,Hymenoptera,0
1264,Hemidactylus mabuoia,12633,Westpunt,Hymenoptera,0
1265,Hemidactylus mabuoia,12634,Westpunt,Hymenoptera,0
1271,Hemidactylus mabuoia,12674,Westpunt,Hymenoptera,0
1272,Hemidactylus mabuoia,12676,Westpunt,Hymenoptera,0
1293,Hemidactylus mabuoia,a1,Westpunt,Hymenoptera,0
1294,Hemidactylus mabuoia,a2,Westpunt,Hymenoptera,0
1295,Hemidactylus mabuoia,a3,Westpunt,Hymenoptera,1
1296,Hemidactylus mabuoia,a4,Westpunt,Hymenoptera,1
1297,Hemidactylus mabuoia,a5,Westpunt,Hymenoptera,0
1298,Hemidactylus mabuoia,a6,Westpunt,Hymenoptera,0
1299,Hemidactylus mabuoia,a7,Westpunt,Hymenoptera,0
1300,Hemidactylus mabuoia,a8,Westpunt,Hymenoptera,1
1301,Hemidactylus mabuoia,a9,Westpunt,Hymenoptera,0
1302,Hemidactylus mabuoia,a10,Westpunt,Hymenoptera,0
1303,Hemidactylus mabuoia,a11,Westpunt,Hymenoptera,0
1304,Hemidactylus mabuoia,a12,Westpunt,Hymenoptera,0
1305,Hemidactylus mabuoia,a13,Westpunt,Hymenoptera,0
1306,Hemidactylus mabuoia,a14,Westpunt,Hymenoptera,0
1307,Hemidactylus mabuoia,a15,Westpunt,Hymenoptera,0
1308,Hemidactylus mabuoia,a16,Westpunt,Hymenoptera,0
1361,Hemidactylus mabuoia,12506,Westpunt,Orthoptera,0
1362,Hemidactylus mabuoia,12507,Westpunt,Orthoptera,0
1363,Hemidactylus mabuoia,12508,Westpunt,Orthoptera,0
1364,Hemidactylus mabuoia,12509,Westpunt,Orthoptera,0
1365,Hemidactylus mabuoia,12510,Westpunt,Orthoptera,0
1377,Hemidactylus mabuoia,12540,Westpunt,Orthoptera,0
1383,Hemidactylus mabuoia,12552,Westpunt,Orthoptera,0
1384,Hemidactylus mabuoia,12575,Westpunt,Orthoptera,0
1385,Hemidactylus mabuoia,12576,Westpunt,Orthoptera,0
1386,Hemidactylus mabuoia,12577,Westpunt,Orthoptera,0
1395,Hemidactylus mabuoia,12632,Westpunt,Orthoptera,0
1396,Hemidactylus mabuoia,12633,Westpunt,Orthoptera,0
1397,Hemidactylus mabuoia,12634,Westpunt,Orthoptera,0
1403,Hemidactylus mabuoia,12674,Westpunt,Orthoptera,0
1404,Hemidactylus mabuoia,12676,Westpunt,Orthoptera,0
1425,Hemidactylus mabuoia,a1,Westpunt,Orthoptera,0
1426,Hemidactylus mabuoia,a2,Westpunt,Orthoptera,0
1427,Hemidactylus mabuoia,a3,Westpunt,Orthoptera,0
1428,Hemidactylus mabuoia,a4,Westpunt,Orthoptera,0
1429,Hemidactylus mabuoia,a5,Westpunt,Orthoptera,0
1430,Hemidactylus mabuoia,a6,Westpunt,Orthoptera,0
1431,Hemidactylus mabuoia,a7,Westpunt,Orthoptera,0
1432,Hemidactylus mabuoia,a8,Westpunt,Orthoptera,0
1433,Hemidactylus mabuoia,a9,Westpunt,Orthoptera,0
1434,Hemidactylus mabuoia,a10,Westpunt,Orthoptera,0
1435,Hemidactylus mabuoia,a11,Westpunt,Orthoptera,0
1436,Hemidactylus mabuoia,a12,Westpunt,Orthoptera,0
1437,Hemidactylus mabuoia,a13,Westpunt,Orthoptera,0
1438,Hemidactylus mabuoia,a14,Westpunt,Orthoptera,0
1439,Hemidactylus mabuoia,a15,Westpunt,Orthoptera,0
1440,Hemidactylus mabuoia,a16,Westpunt,Orthoptera,0
1493,Hemidactylus mabuoia,12506,Westpunt,Ephermeroptera,0
1494,Hemidactylus mabuoia,12507,Westpunt,Ephermeroptera,0
1495,Hemidactylus mabuoia,12508,Westpunt,Ephermeroptera,0
1496,Hemidactylus mabuoia,12509,Westpunt,Ephermeroptera,0
1497,Hemidactylus mabuoia,12510,Westpunt,Ephermeroptera,0
1509,Hemidactylus mabuoia,12540,Westpunt,Ephermeroptera,0
1515,Hemidactylus mabuoia,12552,Westpunt,Ephermeroptera,0
1516,Hemidactylus mabuoia,12575,Westpunt,Ephermeroptera,0
1517,Hemidactylus mabuoia,12576,Westpunt,Ephermeroptera,0
1518,Hemidactylus mabuoia,12577,Westpunt,Ephermeroptera,0
1527,Hemidactylus mabuoia,12632,Westpunt,Ephermeroptera,0
1528,Hemidactylus mabuoia,12633,Westpunt,Ephermeroptera,0
1529,Hemidactylus mabuoia,12634,Westpunt,Ephermeroptera,0
1535,Hemidactylus mabuoia,12674,Westpunt,Ephermeroptera,0
1536,Hemidactylus mabuoia,12676,Westpunt,Ephermeroptera,0
1557,Hemidactylus mabuoia,a1,Westpunt,Ephermeroptera,0
1558,Hemidactylus mabuoia,a2,Westpunt,Ephermeroptera,0
1559,Hemidactylus mabuoia,a3,Westpunt,Ephermeroptera,0
1560,Hemidactylus mabuoia,a4,Westpunt,Ephermeroptera,0
1561,Hemidactylus mabuoia,a5,Westpunt,Ephermeroptera,0
1562,Hemidactylus mabuoia,a6,Westpunt,Ephermeroptera,0
1563,Hemidactylus mabuoia,a7,Westpunt,Ephermeroptera,0
1564,Hemidactylus mabuoia,a8,Westpunt,Ephermeroptera,0
1565,Hemidactylus mabuoia,a9,Westpunt,Ephermeroptera,0
1566,Hemidactylus mabuoia,a10,Westpunt,Ephermeroptera,0
1567,Hemidactylus mabuoia,a11,Westpunt,Ephermeroptera,0
1568,Hemidactylus mabuoia,a12,Westpunt,Ephermeroptera,0
1569,Hemidactylus mabuoia,a13,Westpunt,Ephermeroptera,0
1570,Hemidactylus mabuoia,a14,Westpunt,Ephermeroptera,0
1571,Hemidactylus mabuoia,a15,Westpunt,Ephermeroptera,0
1572,Hemidactylus mabuoia,a16,Westpunt,Ephermeroptera,0
1625,Hemidactylus mabuoia,12506,Westpunt,Gecko_skin,0
1626,Hemidactylus mabuoia,12507,Westpunt,Gecko_skin,0
1627,Hemidactylus mabuoia,12508,Westpunt,Gecko_skin,0
1628,Hemidactylus mabuoia,12509,Westpunt,Gecko_skin,0
1629,Hemidactylus mabuoia,12510,Westpunt,Gecko_skin,0
1641,Hemidactylus mabuoia,12540,Westpunt,Gecko_skin,0
1647,Hemidactylus mabuoia,12552,Westpunt,Gecko_skin,0
1648,Hemidactylus mabuoia,12575,Westpunt,Gecko_skin,0
1649,Hemidactylus mabuoia,12576,Westpunt,Gecko_skin,0
1650,Hemidactylus mabuoia,12577,Westpunt,Gecko_skin,0
1659,Hemidactylus mabuoia,12632,Westpunt,Gecko_skin,0
1660,Hemidactylus mabuoia,12633,Westpunt,Gecko_skin,0
1661,Hemidactylus mabuoia,12634,Westpunt,Gecko_skin,0
1667,Hemidactylus mabuoia,12674,Westpunt,Gecko_skin,0
1668,Hemidactylus mabuoia,12676,Westpunt,Gecko_skin,0
1689,Hemidactylus mabuoia,a1,Westpunt,Gecko_skin,0
1690,Hemidactylus mabuoia,a2,Westpunt,Gecko_skin,0
1691,Hemidactylus mabuoia,a3,Westpunt,Gecko_skin,0
1692,Hemidactylus mabuoia,a4,Westpunt,Gecko_skin,0
1693,Hemidactylus mabuoia,a5,Westpunt,Gecko_skin,0
1694,Hemidactylus mabuoia,a6,Westpunt,Gecko_skin,0
1695,Hemidactylus mabuoia,a7,Westpunt,Gecko_skin,0.5
1696,Hemidactylus mabuoia,a8,Westpunt,Gecko_skin,0
1697,Hemidactylus mabuoia,a9,Westpunt,Gecko_skin,0
1698,Hemidactylus mabuoia,a10,Westpunt,Gecko_skin,0
1699,Hemidactylus mabuoia,a11,Westpunt,Gecko_skin,0
1700,Hemidactylus mabuoia,a12,Westpunt,Gecko_skin,0
1701,Hemidactylus mabuoia,a13,Westpunt,Gecko_skin,0
1702,Hemidactylus mabuoia,a14,Westpunt,Gecko_skin,0
1703,Hemidactylus mabuoia,a15,Westpunt,Gecko_skin,0
1704,Hemidactylus mabuoia,a16,Westpunt,Gecko_skin,0
1757,Hemidactylus mabuoia,12506,Westpunt,Blattaria,0
1758,Hemidactylus mabuoia,12507,Westpunt,Blattaria,0
1759,Hemidactylus mabuoia,12508,Westpunt,Blattaria,0
1760,Hemidactylus mabuoia,12509,Westpunt,Blattaria,0
1761,Hemidactylus mabuoia,12510,Westpunt,Blattaria,0
1773,Hemidactylus mabuoia,12540,Westpunt,Blattaria,0
1779,Hemidactylus mabuoia,12552,Westpunt,Blattaria,0
1780,Hemidactylus mabuoia,12575,Westpunt,Blattaria,0
1781,Hemidactylus mabuoia,12576,Westpunt,Blattaria,0
1782,Hemidactylus mabuoia,12577,Westpunt,Blattaria,0
1791,Hemidactylus mabuoia,12632,Westpunt,Blattaria,0
1792,Hemidactylus mabuoia,12633,Westpunt,Blattaria,0
1793,Hemidactylus mabuoia,12634,Westpunt,Blattaria,0
1799,Hemidactylus mabuoia,12674,Westpunt,Blattaria,0
1800,Hemidactylus mabuoia,12676,Westpunt,Blattaria,0
1821,Hemidactylus mabuoia,a1,Westpunt,Blattaria,0
1822,Hemidactylus mabuoia,a2,Westpunt,Blattaria,0
1823,Hemidactylus mabuoia,a3,Westpunt,Blattaria,0
1824,Hemidactylus mabuoia,a4,Westpunt,Blattaria,0
1825,Hemidactylus mabuoia,a5,Westpunt,Blattaria,0
1826,Hemidactylus mabuoia,a6,Westpunt,Blattaria,0
1827,Hemidactylus mabuoia,a7,Westpunt,Blattaria,0
1828,Hemidactylus mabuoia,a8,Westpunt,Blattaria,0
1829,Hemidactylus mabuoia,a9,Westpunt,Blattaria,0
1830,Hemidactylus mabuoia,a10,Westpunt,Blattaria,0
1831,Hemidactylus mabuoia,a11,Westpunt,Blattaria,0
1832,Hemidactylus mabuoia,a12,Westpunt,Blattaria,0
1833,Hemidactylus mabuoia,a13,Westpunt,Blattaria,0
1834,Hemidactylus mabuoia,a14,Westpunt,Blattaria,0
1835,Hemidactylus mabuoia,a15,Westpunt,Blattaria,0
1836,Hemidactylus mabuoia,a16,Westpunt,Blattaria,0
1889,Hemidactylus mabuoia,12506,Westpunt,Empty,0
1890,Hemidactylus mabuoia,12507,Westpunt,Empty,0
1891,Hemidactylus mabuoia,12508,Westpunt,Empty,0
1892,Hemidactylus mabuoia,12509,Westpunt,Empty,0
1893,Hemidactylus mabuoia,12510,Westpunt,Empty,0
1905,Hemidactylus mabuoia,12540,Westpunt,Empty,0
1911,Hemidactylus mabuoia,12552,Westpunt,Empty,0
1912,Hemidactylus mabuoia,12575,Westpunt,Empty,1
1913,Hemidactylus mabuoia,12576,Westpunt,Empty,0
1914,Hemidactylus mabuoia,12577,Westpunt,Empty,1
1923,Hemidactylus mabuoia,12632,Westpunt,Empty,1
1924,Hemidactylus mabuoia,12633,Westpunt,Empty,1
1925,Hemidactylus mabuoia,12634,Westpunt,Empty,0
1931,Hemidactylus mabuoia,12674,Westpunt,Empty,1
1932,Hemidactylus mabuoia,12676,Westpunt,Empty,1
1953,Hemidactylus mabuoia,a1,Westpunt,Empty,0
1954,Hemidactylus mabuoia,a2,Westpunt,Empty,1
1955,Hemidactylus mabuoia,a3,Westpunt,Empty,0
1956,Hemidactylus mabuoia,a4,Westpunt,Empty,0
1957,Hemidactylus mabuoia,a5,Westpunt,Empty,0
1958,Hemidactylus mabuoia,a6,Westpunt,Empty,1
1959,Hemidactylus mabuoia,a7,Westpunt,Empty,0
1960,Hemidactylus mabuoia,a8,Westpunt,Empty,0
1961,Hemidactylus mabuoia,a9,Westpunt,Empty,0
1962,Hemidactylus mabuoia,a10,Westpunt,Empty,0
1963,Hemidactylus mabuoia,a11,Westpunt,Empty,0
1964,Hemidactylus mabuoia,a12,Westpunt,Empty,0
1965,Hemidactylus mabuoia,a13,Westpunt,Empty,0
1966,Hemidactylus mabuoia,a14,Westpunt,Empty,1
1967,Hemidactylus mabuoia,a15,Westpunt,Empty,1
1968,Hemidactylus mabuoia,a16,Westpunt,Empty,0
2021,Hemidactylus mabuoia,12506,Westpunt,Ramphotyphlops,0
2022,Hemidactylus mabuoia,12507,Westpunt,Ramphotyphlops,0
2023,Hemidactylus mabuoia,12508,Westpunt,Ramphotyphlops,0
2024,Hemidactylus mabuoia,12509,Westpunt,Ramphotyphlops,1
2025,Hemidactylus mabuoia,12510,Westpunt,Ramphotyphlops,0
2037,Hemidactylus mabuoia,12540,Westpunt,Ramphotyphlops,0
2043,Hemidactylus mabuoia,12552,Westpunt,Ramphotyphlops,0
2044,Hemidactylus mabuoia,12575,Westpunt,Ramphotyphlops,0
2045,Hemidactylus mabuoia,12576,Westpunt,Ramphotyphlops,0
2046,Hemidactylus mabuoia,12577,Westpunt,Ramphotyphlops,0
2055,Hemidactylus mabuoia,12632,Westpunt,Ramphotyphlops,0
2056,Hemidactylus mabuoia,12633,Westpunt,Ramphotyphlops,0
2057,Hemidactylus mabuoia,12634,Westpunt,Ramphotyphlops,0
2063,Hemidactylus mabuoia,12674,Westpunt,Ramphotyphlops,0
2064,Hemidactylus mabuoia,12676,Westpunt,Ramphotyphlops,0
2085,Hemidactylus mabuoia,a1,Westpunt,Ramphotyphlops,0
2086,Hemidactylus mabuoia,a2,Westpunt,Ramphotyphlops,0
2087,Hemidactylus mabuoia,a3,Westpunt,Ramphotyphlops,0
2088,Hemidactylus mabuoia,a4,Westpunt,Ramphotyphlops,0
2089,Hemidactylus mabuoia,a5,Westpunt,Ramphotyphlops,0
2090,Hemidactylus mabuoia,a6,Westpunt,Ramphotyphlops,0
2091,Hemidactylus mabuoia,a7,Westpunt,Ramphotyphlops,0
2092,Hemidactylus mabuoia,a8,Westpunt,Ramphotyphlops,0
2093,Hemidactylus mabuoia,a9,Westpunt,Ramphotyphlops,0
2094,Hemidactylus mabuoia,a10,Westpunt,Ramphotyphlops,0
2095,Hemidactylus mabuoia,a11,Westpunt,Ramphotyphlops,0
2096,Hemidactylus mabuoia,a12,Westpunt,Ramphotyphlops,0
2097,Hemidactylus mabuoia,a13,Westpunt,Ramphotyphlops,0
2098,Hemidactylus mabuoia,a14,Westpunt,Ramphotyphlops,0
2099,Hemidactylus mabuoia,a15,Westpunt,Ramphotyphlops,0
2100,Hemidactylus mabuoia,a16,Westpunt,Ramphotyphlops,0
2153,Hemidactylus mabuoia,12506,Westpunt,Gonatodes.antillensis,0
2154,Hemidactylus mabuoia,12507,Westpunt,Gonatodes.antillensis,0
2155,Hemidactylus mabuoia,12508,Westpunt,Gonatodes.antillensis,0
2156,Hemidactylus mabuoia,12509,Westpunt,Gonatodes.antillensis,0
2157,Hemidactylus mabuoia,12510,Westpunt,Gonatodes.antillensis,0
2169,Hemidactylus mabuoia,12540,Westpunt,Gonatodes.antillensis,0
2175,Hemidactylus mabuoia,12552,Westpunt,Gonatodes.antillensis,0
2176,Hemidactylus mabuoia,12575,Westpunt,Gonatodes.antillensis,0
2177,Hemidactylus mabuoia,12576,Westpunt,Gonatodes.antillensis,0
2178,Hemidactylus mabuoia,12577,Westpunt,Gonatodes.antillensis,0
2187,Hemidactylus mabuoia,12632,Westpunt,Gonatodes.antillensis,0
2188,Hemidactylus mabuoia,12633,Westpunt,Gonatodes.antillensis,0
2189,Hemidactylus mabuoia,12634,Westpunt,Gonatodes.antillensis,0
2195,Hemidactylus mabuoia,12674,Westpunt,Gonatodes.antillensis,0
2196,Hemidactylus mabuoia,12676,Westpunt,Gonatodes.antillensis,0
2217,Hemidactylus mabuoia,a1,Westpunt,Gonatodes.antillensis,0
2218,Hemidactylus mabuoia,a2,Westpunt,Gonatodes.antillensis,0
2219,Hemidactylus mabuoia,a3,Westpunt,Gonatodes.antillensis,0
2220,Hemidactylus mabuoia,a4,Westpunt,Gonatodes.antillensis,0
2221,Hemidactylus mabuoia,a5,Westpunt,Gonatodes.antillensis,0
2222,Hemidactylus mabuoia,a6,Westpunt,Gonatodes.antillensis,0
2223,Hemidactylus mabuoia,a7,Westpunt,Gonatodes.antillensis,0
2224,Hemidactylus mabuoia,a8,Westpunt,Gonatodes.antillensis,0
2225,Hemidactylus mabuoia,a9,Westpunt,Gonatodes.antillensis,0
2226,Hemidactylus mabuoia,a10,Westpunt,Gonatodes.antillensis,0
2227,Hemidactylus mabuoia,a11,Westpunt,Gonatodes.antillensis,0
2228,Hemidactylus mabuoia,a12,Westpunt,Gonatodes.antillensis,1
2229,Hemidactylus mabuoia,a13,Westpunt,Gonatodes.antillensis,0
2230,Hemidactylus mabuoia,a14,Westpunt,Gonatodes.antillensis,0
2231,Hemidactylus mabuoia,a15,Westpunt,Gonatodes.antillensis,0
2232,Hemidactylus mabuoia,a16,Westpunt,Gonatodes.antillensis,0
2285,Hemidactylus mabuoia,12506,Westpunt,Phylodactylus,0
2286,Hemidactylus mabuoia,12507,Westpunt,Phylodactylus,0
2287,Hemidactylus mabuoia,12508,Westpunt,Phylodactylus,0
2288,Hemidactylus mabuoia,12509,Westpunt,Phylodactylus,0
2289,Hemidactylus mabuoia,12510,Westpunt,Phylodactylus,0
2301,Hemidactylus mabuoia,12540,Westpunt,Phylodactylus,0
2307,Hemidactylus mabuoia,12552,Westpunt,Phylodactylus,0
2308,Hemidactylus mabuoia,12575,Westpunt,Phylodactylus,0
2309,Hemidactylus mabuoia,12576,Westpunt,Phylodactylus,0
2310,Hemidactylus mabuoia,12577,Westpunt,Phylodactylus,0
2319,Hemidactylus mabuoia,12632,Westpunt,Phylodactylus,0
2320,Hemidactylus mabuoia,12633,Westpunt,Phylodactylus,0
2321,Hemidactylus mabuoia,12634,Westpunt,Phylodactylus,0
2327,Hemidactylus mabuoia,12674,Westpunt,Phylodactylus,0
2328,Hemidactylus mabuoia,12676,Westpunt,Phylodactylus,0
2349,Hemidactylus mabuoia,a1,Westpunt,Phylodactylus,0
2350,Hemidactylus mabuoia,a2,Westpunt,Phylodactylus,0
2351,Hemidactylus mabuoia,a3,Westpunt,Phylodactylus,0
2352,Hemidactylus mabuoia,a4,Westpunt,Phylodactylus,0
2353,Hemidactylus mabuoia,a5,Westpunt,Phylodactylus,0
2354,Hemidactylus mabuoia,a6,Westpunt,Phylodactylus,0
2355,Hemidactylus mabuoia,a7,Westpunt,Phylodactylus,0
2356,Hemidactylus mabuoia,a8,Westpunt,Phylodactylus,0
2357,Hemidactylus mabuoia,a9,Westpunt,Phylodactylus,0
2358,Hemidactylus mabuoia,a10,Westpunt,Phylodactylus,0
2359,Hemidactylus mabuoia,a11,Westpunt,Phylodactylus,0
2360,Hemidactylus mabuoia,a12,Westpunt,Phylodactylus,0
2361,Hemidactylus mabuoia,a13,Westpunt,Phylodactylus,0
2362,Hemidactylus mabuoia,a14,Westpunt,Phylodactylus,0
2363,Hemidactylus mabuoia,a15,Westpunt,Phylodactylus,0
2364,Hemidactylus mabuoia,a16,Westpunt,Phylodactylus,1
