,Species,Specimen,variable,value
1,Hemidactylus mabuoia,12506,Diptera,0.333333333
2,Hemidactylus mabuoia,12507,Diptera,0
3,Hemidactylus mabuoia,12508,Diptera,1
4,Hemidactylus mabuoia,12509,Diptera,0
5,Hemidactylus mabuoia,12510,Diptera,0
17,Hemidactylus mabuoia,12540,Diptera,0.5
23,Hemidactylus mabuoia,12552,Diptera,0
24,Hemidactylus mabuoia,12575,Diptera,0
25,Hemidactylus mabuoia,12576,Diptera,0
26,Hemidactylus mabuoia,12577,Diptera,0
30,Hemidactylus mabuoia,12591,Diptera,0
31,Hemidactylus mabuoia,12592,Diptera,0
32,Hemidactylus mabuoia,12594,Diptera,0
33,Hemidactylus mabuoia,12595,Diptera,0
34,Hemidactylus mabuoia,12596,Diptera,0
35,Hemidactylus mabuoia,12598,Diptera,0
41,Hemidactylus mabuoia,12632,Diptera,0
42,Hemidactylus mabuoia,12633,Diptera,0
43,Hemidactylus mabuoia,12634,Diptera,0
57,Hemidactylus mabuoia,12669,Diptera,0
58,Hemidactylus mabuoia,12670,Diptera,0
59,Hemidactylus mabuoia,12671,Diptera,0
60,Hemidactylus mabuoia,12672,Diptera,0
62,Hemidactylus mabuoia,12674,Diptera,0
63,Hemidactylus mabuoia,12676,Diptera,0
66,Hemidactylus mabuoia,12681,Diptera,0
68,Hemidactylus mabuoia,12690,Diptera,0
69,Hemidactylus mabuoia,12691,Diptera,0
70,Hemidactylus mabuoia,12692,Diptera,0
71,Hemidactylus mabuoia,12694,Diptera,0
72,Hemidactylus mabuoia,12695,Diptera,0
73,Hemidactylus mabuoia,12696,Diptera,0
75,Hemidactylus mabuoia,12702,Diptera,1
76,Hemidactylus mabuoia,12703,Diptera,0
78,Hemidactylus mabuoia,12705,Diptera,0
80,Hemidactylus mabuoia,12708,Diptera,0
82,Hemidactylus mabuoia,12711,Diptera,0
83,Hemidactylus mabuoia,12712,Diptera,0
84,Hemidactylus mabuoia,12714,Diptera,0
85,Hemidactylus mabuoia,12715,Diptera,0
86,Hemidactylus mabuoia,12716,Diptera,0
87,Hemidactylus mabuoia,12717,Diptera,0
88,Hemidactylus mabuoia,12718,Diptera,0
116,Hemidactylus mabuoia,a1,Diptera,0
117,Hemidactylus mabuoia,a2,Diptera,0
118,Hemidactylus mabuoia,a3,Diptera,0
119,Hemidactylus mabuoia,a4,Diptera,0
120,Hemidactylus mabuoia,a5,Diptera,0
121,Hemidactylus mabuoia,a6,Diptera,0
122,Hemidactylus mabuoia,a7,Diptera,0
123,Hemidactylus mabuoia,a8,Diptera,0
124,Hemidactylus mabuoia,a9,Diptera,0
125,Hemidactylus mabuoia,a10,Diptera,0
126,Hemidactylus mabuoia,a11,Diptera,0
127,Hemidactylus mabuoia,a12,Diptera,0
128,Hemidactylus mabuoia,a13,Diptera,0
129,Hemidactylus mabuoia,a14,Diptera,0
130,Hemidactylus mabuoia,a15,Diptera,0
131,Hemidactylus mabuoia,a16,Diptera,0
132,Hemidactylus mabuoia,12506,Lepidoptera,0
133,Hemidactylus mabuoia,12507,Lepidoptera,0
134,Hemidactylus mabuoia,12508,Lepidoptera,0
135,Hemidactylus mabuoia,12509,Lepidoptera,0
136,Hemidactylus mabuoia,12510,Lepidoptera,1
148,Hemidactylus mabuoia,12540,Lepidoptera,0.5
154,Hemidactylus mabuoia,12552,Lepidoptera,0
155,Hemidactylus mabuoia,12575,Lepidoptera,0
156,Hemidactylus mabuoia,12576,Lepidoptera,0
157,Hemidactylus mabuoia,12577,Lepidoptera,0
161,Hemidactylus mabuoia,12591,Lepidoptera,0.2
162,Hemidactylus mabuoia,12592,Lepidoptera,0
163,Hemidactylus mabuoia,12594,Lepidoptera,0.5
164,Hemidactylus mabuoia,12595,Lepidoptera,0
165,Hemidactylus mabuoia,12596,Lepidoptera,0
166,Hemidactylus mabuoia,12598,Lepidoptera,0
172,Hemidactylus mabuoia,12632,Lepidoptera,0
173,Hemidactylus mabuoia,12633,Lepidoptera,0
174,Hemidactylus mabuoia,12634,Lepidoptera,0
188,Hemidactylus mabuoia,12669,Lepidoptera,0
189,Hemidactylus mabuoia,12670,Lepidoptera,0
190,Hemidactylus mabuoia,12671,Lepidoptera,0
191,Hemidactylus mabuoia,12672,Lepidoptera,0
193,Hemidactylus mabuoia,12674,Lepidoptera,0
194,Hemidactylus mabuoia,12676,Lepidoptera,0
197,Hemidactylus mabuoia,12681,Lepidoptera,0.5
199,Hemidactylus mabuoia,12690,Lepidoptera,0
200,Hemidactylus mabuoia,12691,Lepidoptera,0
201,Hemidactylus mabuoia,12692,Lepidoptera,0
202,Hemidactylus mabuoia,12694,Lepidoptera,0
203,Hemidactylus mabuoia,12695,Lepidoptera,0
204,Hemidactylus mabuoia,12696,Lepidoptera,0
206,Hemidactylus mabuoia,12702,Lepidoptera,0
207,Hemidactylus mabuoia,12703,Lepidoptera,0
209,Hemidactylus mabuoia,12705,Lepidoptera,0
211,Hemidactylus mabuoia,12708,Lepidoptera,0
213,Hemidactylus mabuoia,12711,Lepidoptera,0
214,Hemidactylus mabuoia,12712,Lepidoptera,1
215,Hemidactylus mabuoia,12714,Lepidoptera,0
216,Hemidactylus mabuoia,12715,Lepidoptera,0
217,Hemidactylus mabuoia,12716,Lepidoptera,0
218,Hemidactylus mabuoia,12717,Lepidoptera,0
219,Hemidactylus mabuoia,12718,Lepidoptera,0
247,Hemidactylus mabuoia,a1,Lepidoptera,0
248,Hemidactylus mabuoia,a2,Lepidoptera,0
249,Hemidactylus mabuoia,a3,Lepidoptera,0
250,Hemidactylus mabuoia,a4,Lepidoptera,0
251,Hemidactylus mabuoia,a5,Lepidoptera,0
252,Hemidactylus mabuoia,a6,Lepidoptera,0
253,Hemidactylus mabuoia,a7,Lepidoptera,0
254,Hemidactylus mabuoia,a8,Lepidoptera,0
255,Hemidactylus mabuoia,a9,Lepidoptera,1
256,Hemidactylus mabuoia,a10,Lepidoptera,0
257,Hemidactylus mabuoia,a11,Lepidoptera,0
258,Hemidactylus mabuoia,a12,Lepidoptera,0
259,Hemidactylus mabuoia,a13,Lepidoptera,0
260,Hemidactylus mabuoia,a14,Lepidoptera,0
261,Hemidactylus mabuoia,a15,Lepidoptera,0
262,Hemidactylus mabuoia,a16,Lepidoptera,0
263,Hemidactylus mabuoia,12506,Coleoptera,0
264,Hemidactylus mabuoia,12507,Coleoptera,1
265,Hemidactylus mabuoia,12508,Coleoptera,0
266,Hemidactylus mabuoia,12509,Coleoptera,0
267,Hemidactylus mabuoia,12510,Coleoptera,0
279,Hemidactylus mabuoia,12540,Coleoptera,0
285,Hemidactylus mabuoia,12552,Coleoptera,0
286,Hemidactylus mabuoia,12575,Coleoptera,0
287,Hemidactylus mabuoia,12576,Coleoptera,0
288,Hemidactylus mabuoia,12577,Coleoptera,0
292,Hemidactylus mabuoia,12591,Coleoptera,0
293,Hemidactylus mabuoia,12592,Coleoptera,0
294,Hemidactylus mabuoia,12594,Coleoptera,0
295,Hemidactylus mabuoia,12595,Coleoptera,0
296,Hemidactylus mabuoia,12596,Coleoptera,0
297,Hemidactylus mabuoia,12598,Coleoptera,1
303,Hemidactylus mabuoia,12632,Coleoptera,0
304,Hemidactylus mabuoia,12633,Coleoptera,0
305,Hemidactylus mabuoia,12634,Coleoptera,0
319,Hemidactylus mabuoia,12669,Coleoptera,0
320,Hemidactylus mabuoia,12670,Coleoptera,0
321,Hemidactylus mabuoia,12671,Coleoptera,0
322,Hemidactylus mabuoia,12672,Coleoptera,0
324,Hemidactylus mabuoia,12674,Coleoptera,0
325,Hemidactylus mabuoia,12676,Coleoptera,0
328,Hemidactylus mabuoia,12681,Coleoptera,0
330,Hemidactylus mabuoia,12690,Coleoptera,1
331,Hemidactylus mabuoia,12691,Coleoptera,0
332,Hemidactylus mabuoia,12692,Coleoptera,0
333,Hemidactylus mabuoia,12694,Coleoptera,0
334,Hemidactylus mabuoia,12695,Coleoptera,0
335,Hemidactylus mabuoia,12696,Coleoptera,0
337,Hemidactylus mabuoia,12702,Coleoptera,0
338,Hemidactylus mabuoia,12703,Coleoptera,0
340,Hemidactylus mabuoia,12705,Coleoptera,0.5
342,Hemidactylus mabuoia,12708,Coleoptera,1
344,Hemidactylus mabuoia,12711,Coleoptera,0
345,Hemidactylus mabuoia,12712,Coleoptera,0
346,Hemidactylus mabuoia,12714,Coleoptera,0
347,Hemidactylus mabuoia,12715,Coleoptera,0
348,Hemidactylus mabuoia,12716,Coleoptera,0
349,Hemidactylus mabuoia,12717,Coleoptera,0
350,Hemidactylus mabuoia,12718,Coleoptera,0
378,Hemidactylus mabuoia,a1,Coleoptera,1
379,Hemidactylus mabuoia,a2,Coleoptera,0
380,Hemidactylus mabuoia,a3,Coleoptera,0
381,Hemidactylus mabuoia,a4,Coleoptera,0
382,Hemidactylus mabuoia,a5,Coleoptera,1
383,Hemidactylus mabuoia,a6,Coleoptera,0
384,Hemidactylus mabuoia,a7,Coleoptera,0.5
385,Hemidactylus mabuoia,a8,Coleoptera,0
386,Hemidactylus mabuoia,a9,Coleoptera,0
387,Hemidactylus mabuoia,a10,Coleoptera,0
388,Hemidactylus mabuoia,a11,Coleoptera,0
389,Hemidactylus mabuoia,a12,Coleoptera,0
390,Hemidactylus mabuoia,a13,Coleoptera,1
391,Hemidactylus mabuoia,a14,Coleoptera,0
392,Hemidactylus mabuoia,a15,Coleoptera,0
393,Hemidactylus mabuoia,a16,Coleoptera,0
394,Hemidactylus mabuoia,12506,Archnid_scorp,0
395,Hemidactylus mabuoia,12507,Archnid_scorp,0
396,Hemidactylus mabuoia,12508,Archnid_scorp,0
397,Hemidactylus mabuoia,12509,Archnid_scorp,0
398,Hemidactylus mabuoia,12510,Archnid_scorp,0
410,Hemidactylus mabuoia,12540,Archnid_scorp,0
416,Hemidactylus mabuoia,12552,Archnid_scorp,0
417,Hemidactylus mabuoia,12575,Archnid_scorp,0
418,Hemidactylus mabuoia,12576,Archnid_scorp,0
419,Hemidactylus mabuoia,12577,Archnid_scorp,0
423,Hemidactylus mabuoia,12591,Archnid_scorp,0
424,Hemidactylus mabuoia,12592,Archnid_scorp,0
425,Hemidactylus mabuoia,12594,Archnid_scorp,0
426,Hemidactylus mabuoia,12595,Archnid_scorp,0
427,Hemidactylus mabuoia,12596,Archnid_scorp,0
428,Hemidactylus mabuoia,12598,Archnid_scorp,0
434,Hemidactylus mabuoia,12632,Archnid_scorp,0
435,Hemidactylus mabuoia,12633,Archnid_scorp,0
436,Hemidactylus mabuoia,12634,Archnid_scorp,0
450,Hemidactylus mabuoia,12669,Archnid_scorp,0
451,Hemidactylus mabuoia,12670,Archnid_scorp,0
452,Hemidactylus mabuoia,12671,Archnid_scorp,0
453,Hemidactylus mabuoia,12672,Archnid_scorp,0
455,Hemidactylus mabuoia,12674,Archnid_scorp,0
456,Hemidactylus mabuoia,12676,Archnid_scorp,0
459,Hemidactylus mabuoia,12681,Archnid_scorp,0
461,Hemidactylus mabuoia,12690,Archnid_scorp,0
462,Hemidactylus mabuoia,12691,Archnid_scorp,0
463,Hemidactylus mabuoia,12692,Archnid_scorp,0
464,Hemidactylus mabuoia,12694,Archnid_scorp,0
465,Hemidactylus mabuoia,12695,Archnid_scorp,0
466,Hemidactylus mabuoia,12696,Archnid_scorp,0
468,Hemidactylus mabuoia,12702,Archnid_scorp,0
469,Hemidactylus mabuoia,12703,Archnid_scorp,0
471,Hemidactylus mabuoia,12705,Archnid_scorp,0
473,Hemidactylus mabuoia,12708,Archnid_scorp,0
475,Hemidactylus mabuoia,12711,Archnid_scorp,0
476,Hemidactylus mabuoia,12712,Archnid_scorp,0
477,Hemidactylus mabuoia,12714,Archnid_scorp,0
478,Hemidactylus mabuoia,12715,Archnid_scorp,0
479,Hemidactylus mabuoia,12716,Archnid_scorp,0
480,Hemidactylus mabuoia,12717,Archnid_scorp,0
481,Hemidactylus mabuoia,12718,Archnid_scorp,0
509,Hemidactylus mabuoia,a1,Archnid_scorp,0
510,Hemidactylus mabuoia,a2,Archnid_scorp,0
511,Hemidactylus mabuoia,a3,Archnid_scorp,0
512,Hemidactylus mabuoia,a4,Archnid_scorp,0
513,Hemidactylus mabuoia,a5,Archnid_scorp,0
514,Hemidactylus mabuoia,a6,Archnid_scorp,0
515,Hemidactylus mabuoia,a7,Archnid_scorp,0
516,Hemidactylus mabuoia,a8,Archnid_scorp,0
517,Hemidactylus mabuoia,a9,Archnid_scorp,0
518,Hemidactylus mabuoia,a10,Archnid_scorp,0
519,Hemidactylus mabuoia,a11,Archnid_scorp,0
520,Hemidactylus mabuoia,a12,Archnid_scorp,0
521,Hemidactylus mabuoia,a13,Archnid_scorp,0
522,Hemidactylus mabuoia,a14,Archnid_scorp,0
523,Hemidactylus mabuoia,a15,Archnid_scorp,0
524,Hemidactylus mabuoia,a16,Archnid_scorp,0
525,Hemidactylus mabuoia,12506,Archnid_spider,0.666666667
526,Hemidactylus mabuoia,12507,Archnid_spider,0
527,Hemidactylus mabuoia,12508,Archnid_spider,0
528,Hemidactylus mabuoia,12509,Archnid_spider,0
529,Hemidactylus mabuoia,12510,Archnid_spider,0
541,Hemidactylus mabuoia,12540,Archnid_spider,0
547,Hemidactylus mabuoia,12552,Archnid_spider,0
548,Hemidactylus mabuoia,12575,Archnid_spider,0
549,Hemidactylus mabuoia,12576,Archnid_spider,0
550,Hemidactylus mabuoia,12577,Archnid_spider,0
554,Hemidactylus mabuoia,12591,Archnid_spider,0.4
555,Hemidactylus mabuoia,12592,Archnid_spider,0
556,Hemidactylus mabuoia,12594,Archnid_spider,0
557,Hemidactylus mabuoia,12595,Archnid_spider,0
558,Hemidactylus mabuoia,12596,Archnid_spider,0.5
559,Hemidactylus mabuoia,12598,Archnid_spider,0
565,Hemidactylus mabuoia,12632,Archnid_spider,0
566,Hemidactylus mabuoia,12633,Archnid_spider,0
567,Hemidactylus mabuoia,12634,Archnid_spider,0
581,Hemidactylus mabuoia,12669,Archnid_spider,0
582,Hemidactylus mabuoia,12670,Archnid_spider,0
583,Hemidactylus mabuoia,12671,Archnid_spider,0.5
584,Hemidactylus mabuoia,12672,Archnid_spider,0
586,Hemidactylus mabuoia,12674,Archnid_spider,0
587,Hemidactylus mabuoia,12676,Archnid_spider,0
590,Hemidactylus mabuoia,12681,Archnid_spider,0
592,Hemidactylus mabuoia,12690,Archnid_spider,0
593,Hemidactylus mabuoia,12691,Archnid_spider,0
594,Hemidactylus mabuoia,12692,Archnid_spider,1
595,Hemidactylus mabuoia,12694,Archnid_spider,0
596,Hemidactylus mabuoia,12695,Archnid_spider,0
597,Hemidactylus mabuoia,12696,Archnid_spider,0
599,Hemidactylus mabuoia,12702,Archnid_spider,0
600,Hemidactylus mabuoia,12703,Archnid_spider,0
602,Hemidactylus mabuoia,12705,Archnid_spider,0.5
604,Hemidactylus mabuoia,12708,Archnid_spider,0
606,Hemidactylus mabuoia,12711,Archnid_spider,0
607,Hemidactylus mabuoia,12712,Archnid_spider,0
608,Hemidactylus mabuoia,12714,Archnid_spider,0
609,Hemidactylus mabuoia,12715,Archnid_spider,0
610,Hemidactylus mabuoia,12716,Archnid_spider,0
611,Hemidactylus mabuoia,12717,Archnid_spider,0
612,Hemidactylus mabuoia,12718,Archnid_spider,0
640,Hemidactylus mabuoia,a1,Archnid_spider,0
641,Hemidactylus mabuoia,a2,Archnid_spider,0
642,Hemidactylus mabuoia,a3,Archnid_spider,0
643,Hemidactylus mabuoia,a4,Archnid_spider,0
644,Hemidactylus mabuoia,a5,Archnid_spider,0
645,Hemidactylus mabuoia,a6,Archnid_spider,0
646,Hemidactylus mabuoia,a7,Archnid_spider,0
647,Hemidactylus mabuoia,a8,Archnid_spider,0
648,Hemidactylus mabuoia,a9,Archnid_spider,0
649,Hemidactylus mabuoia,a10,Archnid_spider,1
650,Hemidactylus mabuoia,a11,Archnid_spider,1
651,Hemidactylus mabuoia,a12,Archnid_spider,0
652,Hemidactylus mabuoia,a13,Archnid_spider,0
653,Hemidactylus mabuoia,a14,Archnid_spider,0
654,Hemidactylus mabuoia,a15,Archnid_spider,0
655,Hemidactylus mabuoia,a16,Archnid_spider,0
656,Hemidactylus mabuoia,12506,Other,0
657,Hemidactylus mabuoia,12507,Other,0
658,Hemidactylus mabuoia,12508,Other,0
659,Hemidactylus mabuoia,12509,Other,0
660,Hemidactylus mabuoia,12510,Other,0
672,Hemidactylus mabuoia,12540,Other,0
678,Hemidactylus mabuoia,12552,Other,0
679,Hemidactylus mabuoia,12575,Other,0
680,Hemidactylus mabuoia,12576,Other,0
681,Hemidactylus mabuoia,12577,Other,0
685,Hemidactylus mabuoia,12591,Other,0
686,Hemidactylus mabuoia,12592,Other,0
687,Hemidactylus mabuoia,12594,Other,0
688,Hemidactylus mabuoia,12595,Other,0
689,Hemidactylus mabuoia,12596,Other,0
690,Hemidactylus mabuoia,12598,Other,0
696,Hemidactylus mabuoia,12632,Other,0
697,Hemidactylus mabuoia,12633,Other,0
698,Hemidactylus mabuoia,12634,Other,1
712,Hemidactylus mabuoia,12669,Other,0
713,Hemidactylus mabuoia,12670,Other,0
714,Hemidactylus mabuoia,12671,Other,0
715,Hemidactylus mabuoia,12672,Other,0
717,Hemidactylus mabuoia,12674,Other,0
718,Hemidactylus mabuoia,12676,Other,0
721,Hemidactylus mabuoia,12681,Other,0
723,Hemidactylus mabuoia,12690,Other,0
724,Hemidactylus mabuoia,12691,Other,0
725,Hemidactylus mabuoia,12692,Other,0
726,Hemidactylus mabuoia,12694,Other,0
727,Hemidactylus mabuoia,12695,Other,0
728,Hemidactylus mabuoia,12696,Other,0
730,Hemidactylus mabuoia,12702,Other,0
731,Hemidactylus mabuoia,12703,Other,0
733,Hemidactylus mabuoia,12705,Other,0
735,Hemidactylus mabuoia,12708,Other,0
737,Hemidactylus mabuoia,12711,Other,0
738,Hemidactylus mabuoia,12712,Other,0
739,Hemidactylus mabuoia,12714,Other,0
740,Hemidactylus mabuoia,12715,Other,0
741,Hemidactylus mabuoia,12716,Other,0
742,Hemidactylus mabuoia,12717,Other,0
743,Hemidactylus mabuoia,12718,Other,0
771,Hemidactylus mabuoia,a1,Other,0
772,Hemidactylus mabuoia,a2,Other,0
773,Hemidactylus mabuoia,a3,Other,0
774,Hemidactylus mabuoia,a4,Other,0
775,Hemidactylus mabuoia,a5,Other,0
776,Hemidactylus mabuoia,a6,Other,0
777,Hemidactylus mabuoia,a7,Other,0
778,Hemidactylus mabuoia,a8,Other,0
779,Hemidactylus mabuoia,a9,Other,0
780,Hemidactylus mabuoia,a10,Other,0
781,Hemidactylus mabuoia,a11,Other,0
782,Hemidactylus mabuoia,a12,Other,0
783,Hemidactylus mabuoia,a13,Other,0
784,Hemidactylus mabuoia,a14,Other,0
785,Hemidactylus mabuoia,a15,Other,0
786,Hemidactylus mabuoia,a16,Other,0
787,Hemidactylus mabuoia,12506,Nematodes,0
788,Hemidactylus mabuoia,12507,Nematodes,0
789,Hemidactylus mabuoia,12508,Nematodes,0
790,Hemidactylus mabuoia,12509,Nematodes,0
791,Hemidactylus mabuoia,12510,Nematodes,0
803,Hemidactylus mabuoia,12540,Nematodes,0
809,Hemidactylus mabuoia,12552,Nematodes,0
810,Hemidactylus mabuoia,12575,Nematodes,0
811,Hemidactylus mabuoia,12576,Nematodes,0
812,Hemidactylus mabuoia,12577,Nematodes,0
816,Hemidactylus mabuoia,12591,Nematodes,0
817,Hemidactylus mabuoia,12592,Nematodes,0
818,Hemidactylus mabuoia,12594,Nematodes,0
819,Hemidactylus mabuoia,12595,Nematodes,0
820,Hemidactylus mabuoia,12596,Nematodes,0
821,Hemidactylus mabuoia,12598,Nematodes,0
827,Hemidactylus mabuoia,12632,Nematodes,0
828,Hemidactylus mabuoia,12633,Nematodes,0
829,Hemidactylus mabuoia,12634,Nematodes,0
843,Hemidactylus mabuoia,12669,Nematodes,0
844,Hemidactylus mabuoia,12670,Nematodes,0
845,Hemidactylus mabuoia,12671,Nematodes,0
846,Hemidactylus mabuoia,12672,Nematodes,0
848,Hemidactylus mabuoia,12674,Nematodes,0
849,Hemidactylus mabuoia,12676,Nematodes,0
852,Hemidactylus mabuoia,12681,Nematodes,0
854,Hemidactylus mabuoia,12690,Nematodes,0
855,Hemidactylus mabuoia,12691,Nematodes,0
856,Hemidactylus mabuoia,12692,Nematodes,0
857,Hemidactylus mabuoia,12694,Nematodes,0
858,Hemidactylus mabuoia,12695,Nematodes,0
859,Hemidactylus mabuoia,12696,Nematodes,0
861,Hemidactylus mabuoia,12702,Nematodes,0
862,Hemidactylus mabuoia,12703,Nematodes,0
864,Hemidactylus mabuoia,12705,Nematodes,0
866,Hemidactylus mabuoia,12708,Nematodes,0
868,Hemidactylus mabuoia,12711,Nematodes,0
869,Hemidactylus mabuoia,12712,Nematodes,0
870,Hemidactylus mabuoia,12714,Nematodes,0
871,Hemidactylus mabuoia,12715,Nematodes,0
872,Hemidactylus mabuoia,12716,Nematodes,0
873,Hemidactylus mabuoia,12717,Nematodes,0
874,Hemidactylus mabuoia,12718,Nematodes,0
902,Hemidactylus mabuoia,a1,Nematodes,0
903,Hemidactylus mabuoia,a2,Nematodes,0
904,Hemidactylus mabuoia,a3,Nematodes,0
905,Hemidactylus mabuoia,a4,Nematodes,0
906,Hemidactylus mabuoia,a5,Nematodes,0
907,Hemidactylus mabuoia,a6,Nematodes,0
908,Hemidactylus mabuoia,a7,Nematodes,0
909,Hemidactylus mabuoia,a8,Nematodes,0
910,Hemidactylus mabuoia,a9,Nematodes,0
911,Hemidactylus mabuoia,a10,Nematodes,0
912,Hemidactylus mabuoia,a11,Nematodes,0
913,Hemidactylus mabuoia,a12,Nematodes,0
914,Hemidactylus mabuoia,a13,Nematodes,0
915,Hemidactylus mabuoia,a14,Nematodes,0
916,Hemidactylus mabuoia,a15,Nematodes,0
917,Hemidactylus mabuoia,a16,Nematodes,0
918,Hemidactylus mabuoia,12506,Centipede,0
919,Hemidactylus mabuoia,12507,Centipede,0
920,Hemidactylus mabuoia,12508,Centipede,0
921,Hemidactylus mabuoia,12509,Centipede,0
922,Hemidactylus mabuoia,12510,Centipede,0
934,Hemidactylus mabuoia,12540,Centipede,0
940,Hemidactylus mabuoia,12552,Centipede,0
941,Hemidactylus mabuoia,12575,Centipede,0
942,Hemidactylus mabuoia,12576,Centipede,0
943,Hemidactylus mabuoia,12577,Centipede,0
947,Hemidactylus mabuoia,12591,Centipede,0
948,Hemidactylus mabuoia,12592,Centipede,0
949,Hemidactylus mabuoia,12594,Centipede,0
950,Hemidactylus mabuoia,12595,Centipede,0
951,Hemidactylus mabuoia,12596,Centipede,0
952,Hemidactylus mabuoia,12598,Centipede,0
958,Hemidactylus mabuoia,12632,Centipede,0
959,Hemidactylus mabuoia,12633,Centipede,0
960,Hemidactylus mabuoia,12634,Centipede,0
974,Hemidactylus mabuoia,12669,Centipede,0
975,Hemidactylus mabuoia,12670,Centipede,0
976,Hemidactylus mabuoia,12671,Centipede,0
977,Hemidactylus mabuoia,12672,Centipede,0
979,Hemidactylus mabuoia,12674,Centipede,0
980,Hemidactylus mabuoia,12676,Centipede,0
983,Hemidactylus mabuoia,12681,Centipede,0
985,Hemidactylus mabuoia,12690,Centipede,0
986,Hemidactylus mabuoia,12691,Centipede,0
987,Hemidactylus mabuoia,12692,Centipede,0
988,Hemidactylus mabuoia,12694,Centipede,0
989,Hemidactylus mabuoia,12695,Centipede,0
990,Hemidactylus mabuoia,12696,Centipede,0
992,Hemidactylus mabuoia,12702,Centipede,0
993,Hemidactylus mabuoia,12703,Centipede,0
995,Hemidactylus mabuoia,12705,Centipede,0
997,Hemidactylus mabuoia,12708,Centipede,0
999,Hemidactylus mabuoia,12711,Centipede,0
1000,Hemidactylus mabuoia,12712,Centipede,0
1001,Hemidactylus mabuoia,12714,Centipede,0
1002,Hemidactylus mabuoia,12715,Centipede,0
1003,Hemidactylus mabuoia,12716,Centipede,0
1004,Hemidactylus mabuoia,12717,Centipede,0
1005,Hemidactylus mabuoia,12718,Centipede,0
1033,Hemidactylus mabuoia,a1,Centipede,0
1034,Hemidactylus mabuoia,a2,Centipede,0
1035,Hemidactylus mabuoia,a3,Centipede,0
1036,Hemidactylus mabuoia,a4,Centipede,0
1037,Hemidactylus mabuoia,a5,Centipede,0
1038,Hemidactylus mabuoia,a6,Centipede,0
1039,Hemidactylus mabuoia,a7,Centipede,0
1040,Hemidactylus mabuoia,a8,Centipede,0
1041,Hemidactylus mabuoia,a9,Centipede,0
1042,Hemidactylus mabuoia,a10,Centipede,0
1043,Hemidactylus mabuoia,a11,Centipede,0
1044,Hemidactylus mabuoia,a12,Centipede,0
1045,Hemidactylus mabuoia,a13,Centipede,0
1046,Hemidactylus mabuoia,a14,Centipede,0
1047,Hemidactylus mabuoia,a15,Centipede,0
1048,Hemidactylus mabuoia,a16,Centipede,0
1049,Hemidactylus mabuoia,12506,Isopod,0
1050,Hemidactylus mabuoia,12507,Isopod,0
1051,Hemidactylus mabuoia,12508,Isopod,0
1052,Hemidactylus mabuoia,12509,Isopod,0
1053,Hemidactylus mabuoia,12510,Isopod,0
1065,Hemidactylus mabuoia,12540,Isopod,0
1071,Hemidactylus mabuoia,12552,Isopod,1
1072,Hemidactylus mabuoia,12575,Isopod,0
1073,Hemidactylus mabuoia,12576,Isopod,1
1074,Hemidactylus mabuoia,12577,Isopod,0
1078,Hemidactylus mabuoia,12591,Isopod,0
1079,Hemidactylus mabuoia,12592,Isopod,0
1080,Hemidactylus mabuoia,12594,Isopod,0
1081,Hemidactylus mabuoia,12595,Isopod,1
1082,Hemidactylus mabuoia,12596,Isopod,0.5
1083,Hemidactylus mabuoia,12598,Isopod,0
1089,Hemidactylus mabuoia,12632,Isopod,0
1090,Hemidactylus mabuoia,12633,Isopod,0
1091,Hemidactylus mabuoia,12634,Isopod,0
1105,Hemidactylus mabuoia,12669,Isopod,0
1106,Hemidactylus mabuoia,12670,Isopod,0
1107,Hemidactylus mabuoia,12671,Isopod,0
1108,Hemidactylus mabuoia,12672,Isopod,0
1110,Hemidactylus mabuoia,12674,Isopod,0
1111,Hemidactylus mabuoia,12676,Isopod,0
1114,Hemidactylus mabuoia,12681,Isopod,0
1116,Hemidactylus mabuoia,12690,Isopod,0
1117,Hemidactylus mabuoia,12691,Isopod,0
1118,Hemidactylus mabuoia,12692,Isopod,0
1119,Hemidactylus mabuoia,12694,Isopod,0
1120,Hemidactylus mabuoia,12695,Isopod,1
1121,Hemidactylus mabuoia,12696,Isopod,0
1123,Hemidactylus mabuoia,12702,Isopod,0
1124,Hemidactylus mabuoia,12703,Isopod,0
1126,Hemidactylus mabuoia,12705,Isopod,0
1128,Hemidactylus mabuoia,12708,Isopod,0
1130,Hemidactylus mabuoia,12711,Isopod,0
1131,Hemidactylus mabuoia,12712,Isopod,0
1132,Hemidactylus mabuoia,12714,Isopod,0
1133,Hemidactylus mabuoia,12715,Isopod,0
1134,Hemidactylus mabuoia,12716,Isopod,1
1135,Hemidactylus mabuoia,12717,Isopod,0
1136,Hemidactylus mabuoia,12718,Isopod,0
1164,Hemidactylus mabuoia,a1,Isopod,0
1165,Hemidactylus mabuoia,a2,Isopod,0
1166,Hemidactylus mabuoia,a3,Isopod,0
1167,Hemidactylus mabuoia,a4,Isopod,0
1168,Hemidactylus mabuoia,a5,Isopod,0
1169,Hemidactylus mabuoia,a6,Isopod,0
1170,Hemidactylus mabuoia,a7,Isopod,0
1171,Hemidactylus mabuoia,a8,Isopod,0
1172,Hemidactylus mabuoia,a9,Isopod,0
1173,Hemidactylus mabuoia,a10,Isopod,0
1174,Hemidactylus mabuoia,a11,Isopod,0
1175,Hemidactylus mabuoia,a12,Isopod,0
1176,Hemidactylus mabuoia,a13,Isopod,0
1177,Hemidactylus mabuoia,a14,Isopod,0
1178,Hemidactylus mabuoia,a15,Isopod,0
1179,Hemidactylus mabuoia,a16,Isopod,0
1180,Hemidactylus mabuoia,12506,Hemiptera,0
1181,Hemidactylus mabuoia,12507,Hemiptera,0
1182,Hemidactylus mabuoia,12508,Hemiptera,0
1183,Hemidactylus mabuoia,12509,Hemiptera,0
1184,Hemidactylus mabuoia,12510,Hemiptera,0
1196,Hemidactylus mabuoia,12540,Hemiptera,0
1202,Hemidactylus mabuoia,12552,Hemiptera,0
1203,Hemidactylus mabuoia,12575,Hemiptera,0
1204,Hemidactylus mabuoia,12576,Hemiptera,0
1205,Hemidactylus mabuoia,12577,Hemiptera,0
1209,Hemidactylus mabuoia,12591,Hemiptera,0.4
1210,Hemidactylus mabuoia,12592,Hemiptera,0
1211,Hemidactylus mabuoia,12594,Hemiptera,0.5
1212,Hemidactylus mabuoia,12595,Hemiptera,0
1213,Hemidactylus mabuoia,12596,Hemiptera,0
1214,Hemidactylus mabuoia,12598,Hemiptera,0
1220,Hemidactylus mabuoia,12632,Hemiptera,0
1221,Hemidactylus mabuoia,12633,Hemiptera,0
1222,Hemidactylus mabuoia,12634,Hemiptera,0
1236,Hemidactylus mabuoia,12669,Hemiptera,0
1237,Hemidactylus mabuoia,12670,Hemiptera,0
1238,Hemidactylus mabuoia,12671,Hemiptera,0
1239,Hemidactylus mabuoia,12672,Hemiptera,0
1241,Hemidactylus mabuoia,12674,Hemiptera,0
1242,Hemidactylus mabuoia,12676,Hemiptera,0
1245,Hemidactylus mabuoia,12681,Hemiptera,0
1247,Hemidactylus mabuoia,12690,Hemiptera,0
1248,Hemidactylus mabuoia,12691,Hemiptera,0
1249,Hemidactylus mabuoia,12692,Hemiptera,0
1250,Hemidactylus mabuoia,12694,Hemiptera,0
1251,Hemidactylus mabuoia,12695,Hemiptera,0
1252,Hemidactylus mabuoia,12696,Hemiptera,0
1254,Hemidactylus mabuoia,12702,Hemiptera,0
1255,Hemidactylus mabuoia,12703,Hemiptera,0.5
1257,Hemidactylus mabuoia,12705,Hemiptera,0
1259,Hemidactylus mabuoia,12708,Hemiptera,0
1261,Hemidactylus mabuoia,12711,Hemiptera,0
1262,Hemidactylus mabuoia,12712,Hemiptera,0
1263,Hemidactylus mabuoia,12714,Hemiptera,0
1264,Hemidactylus mabuoia,12715,Hemiptera,0
1265,Hemidactylus mabuoia,12716,Hemiptera,0
1266,Hemidactylus mabuoia,12717,Hemiptera,0
1267,Hemidactylus mabuoia,12718,Hemiptera,0
1295,Hemidactylus mabuoia,a1,Hemiptera,0
1296,Hemidactylus mabuoia,a2,Hemiptera,0
1297,Hemidactylus mabuoia,a3,Hemiptera,0
1298,Hemidactylus mabuoia,a4,Hemiptera,0
1299,Hemidactylus mabuoia,a5,Hemiptera,0
1300,Hemidactylus mabuoia,a6,Hemiptera,0
1301,Hemidactylus mabuoia,a7,Hemiptera,0
1302,Hemidactylus mabuoia,a8,Hemiptera,0
1303,Hemidactylus mabuoia,a9,Hemiptera,0
1304,Hemidactylus mabuoia,a10,Hemiptera,0
1305,Hemidactylus mabuoia,a11,Hemiptera,0
1306,Hemidactylus mabuoia,a12,Hemiptera,0
1307,Hemidactylus mabuoia,a13,Hemiptera,0
1308,Hemidactylus mabuoia,a14,Hemiptera,0
1309,Hemidactylus mabuoia,a15,Hemiptera,0
1310,Hemidactylus mabuoia,a16,Hemiptera,0
1311,Hemidactylus mabuoia,12506,Hymenoptera,0
1312,Hemidactylus mabuoia,12507,Hymenoptera,0
1313,Hemidactylus mabuoia,12508,Hymenoptera,0
1314,Hemidactylus mabuoia,12509,Hymenoptera,0
1315,Hemidactylus mabuoia,12510,Hymenoptera,0
1327,Hemidactylus mabuoia,12540,Hymenoptera,0
1333,Hemidactylus mabuoia,12552,Hymenoptera,0
1334,Hemidactylus mabuoia,12575,Hymenoptera,0
1335,Hemidactylus mabuoia,12576,Hymenoptera,0
1336,Hemidactylus mabuoia,12577,Hymenoptera,0
1340,Hemidactylus mabuoia,12591,Hymenoptera,0
1341,Hemidactylus mabuoia,12592,Hymenoptera,0
1342,Hemidactylus mabuoia,12594,Hymenoptera,0
1343,Hemidactylus mabuoia,12595,Hymenoptera,0
1344,Hemidactylus mabuoia,12596,Hymenoptera,0
1345,Hemidactylus mabuoia,12598,Hymenoptera,0
1351,Hemidactylus mabuoia,12632,Hymenoptera,0
1352,Hemidactylus mabuoia,12633,Hymenoptera,0
1353,Hemidactylus mabuoia,12634,Hymenoptera,0
1367,Hemidactylus mabuoia,12669,Hymenoptera,1
1368,Hemidactylus mabuoia,12670,Hymenoptera,0
1369,Hemidactylus mabuoia,12671,Hymenoptera,0.5
1370,Hemidactylus mabuoia,12672,Hymenoptera,0
1372,Hemidactylus mabuoia,12674,Hymenoptera,0
1373,Hemidactylus mabuoia,12676,Hymenoptera,0
1376,Hemidactylus mabuoia,12681,Hymenoptera,0
1378,Hemidactylus mabuoia,12690,Hymenoptera,0
1379,Hemidactylus mabuoia,12691,Hymenoptera,0
1380,Hemidactylus mabuoia,12692,Hymenoptera,0
1381,Hemidactylus mabuoia,12694,Hymenoptera,0
1382,Hemidactylus mabuoia,12695,Hymenoptera,0
1383,Hemidactylus mabuoia,12696,Hymenoptera,0
1385,Hemidactylus mabuoia,12702,Hymenoptera,0
1386,Hemidactylus mabuoia,12703,Hymenoptera,0.5
1388,Hemidactylus mabuoia,12705,Hymenoptera,0
1390,Hemidactylus mabuoia,12708,Hymenoptera,0
1392,Hemidactylus mabuoia,12711,Hymenoptera,0
1393,Hemidactylus mabuoia,12712,Hymenoptera,0
1394,Hemidactylus mabuoia,12714,Hymenoptera,0
1395,Hemidactylus mabuoia,12715,Hymenoptera,0
1396,Hemidactylus mabuoia,12716,Hymenoptera,0
1397,Hemidactylus mabuoia,12717,Hymenoptera,0
1398,Hemidactylus mabuoia,12718,Hymenoptera,1
1426,Hemidactylus mabuoia,a1,Hymenoptera,0
1427,Hemidactylus mabuoia,a2,Hymenoptera,0
1428,Hemidactylus mabuoia,a3,Hymenoptera,1
1429,Hemidactylus mabuoia,a4,Hymenoptera,1
1430,Hemidactylus mabuoia,a5,Hymenoptera,0
1431,Hemidactylus mabuoia,a6,Hymenoptera,0
1432,Hemidactylus mabuoia,a7,Hymenoptera,0
1433,Hemidactylus mabuoia,a8,Hymenoptera,1
1434,Hemidactylus mabuoia,a9,Hymenoptera,0
1435,Hemidactylus mabuoia,a10,Hymenoptera,0
1436,Hemidactylus mabuoia,a11,Hymenoptera,0
1437,Hemidactylus mabuoia,a12,Hymenoptera,0
1438,Hemidactylus mabuoia,a13,Hymenoptera,0
1439,Hemidactylus mabuoia,a14,Hymenoptera,0
1440,Hemidactylus mabuoia,a15,Hymenoptera,0
1441,Hemidactylus mabuoia,a16,Hymenoptera,0
1442,Hemidactylus mabuoia,12506,Orthoptera,0
1443,Hemidactylus mabuoia,12507,Orthoptera,0
1444,Hemidactylus mabuoia,12508,Orthoptera,0
1445,Hemidactylus mabuoia,12509,Orthoptera,0
1446,Hemidactylus mabuoia,12510,Orthoptera,0
1458,Hemidactylus mabuoia,12540,Orthoptera,0
1464,Hemidactylus mabuoia,12552,Orthoptera,0
1465,Hemidactylus mabuoia,12575,Orthoptera,0
1466,Hemidactylus mabuoia,12576,Orthoptera,0
1467,Hemidactylus mabuoia,12577,Orthoptera,0
1471,Hemidactylus mabuoia,12591,Orthoptera,0
1472,Hemidactylus mabuoia,12592,Orthoptera,0
1473,Hemidactylus mabuoia,12594,Orthoptera,0
1474,Hemidactylus mabuoia,12595,Orthoptera,0
1475,Hemidactylus mabuoia,12596,Orthoptera,0
1476,Hemidactylus mabuoia,12598,Orthoptera,0
1482,Hemidactylus mabuoia,12632,Orthoptera,0
1483,Hemidactylus mabuoia,12633,Orthoptera,0
1484,Hemidactylus mabuoia,12634,Orthoptera,0
1498,Hemidactylus mabuoia,12669,Orthoptera,0
1499,Hemidactylus mabuoia,12670,Orthoptera,0
1500,Hemidactylus mabuoia,12671,Orthoptera,0
1501,Hemidactylus mabuoia,12672,Orthoptera,0
1503,Hemidactylus mabuoia,12674,Orthoptera,0
1504,Hemidactylus mabuoia,12676,Orthoptera,0
1507,Hemidactylus mabuoia,12681,Orthoptera,0
1509,Hemidactylus mabuoia,12690,Orthoptera,0
1510,Hemidactylus mabuoia,12691,Orthoptera,1
1511,Hemidactylus mabuoia,12692,Orthoptera,0
1512,Hemidactylus mabuoia,12694,Orthoptera,0
1513,Hemidactylus mabuoia,12695,Orthoptera,0
1514,Hemidactylus mabuoia,12696,Orthoptera,1
1516,Hemidactylus mabuoia,12702,Orthoptera,0
1517,Hemidactylus mabuoia,12703,Orthoptera,0
1519,Hemidactylus mabuoia,12705,Orthoptera,0
1521,Hemidactylus mabuoia,12708,Orthoptera,0
1523,Hemidactylus mabuoia,12711,Orthoptera,0
1524,Hemidactylus mabuoia,12712,Orthoptera,0
1525,Hemidactylus mabuoia,12714,Orthoptera,0
1526,Hemidactylus mabuoia,12715,Orthoptera,0
1527,Hemidactylus mabuoia,12716,Orthoptera,0
1528,Hemidactylus mabuoia,12717,Orthoptera,0
1529,Hemidactylus mabuoia,12718,Orthoptera,0
1557,Hemidactylus mabuoia,a1,Orthoptera,0
1558,Hemidactylus mabuoia,a2,Orthoptera,0
1559,Hemidactylus mabuoia,a3,Orthoptera,0
1560,Hemidactylus mabuoia,a4,Orthoptera,0
1561,Hemidactylus mabuoia,a5,Orthoptera,0
1562,Hemidactylus mabuoia,a6,Orthoptera,0
1563,Hemidactylus mabuoia,a7,Orthoptera,0
1564,Hemidactylus mabuoia,a8,Orthoptera,0
1565,Hemidactylus mabuoia,a9,Orthoptera,0
1566,Hemidactylus mabuoia,a10,Orthoptera,0
1567,Hemidactylus mabuoia,a11,Orthoptera,0
1568,Hemidactylus mabuoia,a12,Orthoptera,0
1569,Hemidactylus mabuoia,a13,Orthoptera,0
1570,Hemidactylus mabuoia,a14,Orthoptera,0
1571,Hemidactylus mabuoia,a15,Orthoptera,0
1572,Hemidactylus mabuoia,a16,Orthoptera,0
1573,Hemidactylus mabuoia,12506,Ephermeroptera,0
1574,Hemidactylus mabuoia,12507,Ephermeroptera,0
1575,Hemidactylus mabuoia,12508,Ephermeroptera,0
1576,Hemidactylus mabuoia,12509,Ephermeroptera,0
1577,Hemidactylus mabuoia,12510,Ephermeroptera,0
1589,Hemidactylus mabuoia,12540,Ephermeroptera,0
1595,Hemidactylus mabuoia,12552,Ephermeroptera,0
1596,Hemidactylus mabuoia,12575,Ephermeroptera,0
1597,Hemidactylus mabuoia,12576,Ephermeroptera,0
1598,Hemidactylus mabuoia,12577,Ephermeroptera,0
1602,Hemidactylus mabuoia,12591,Ephermeroptera,0
1603,Hemidactylus mabuoia,12592,Ephermeroptera,0
1604,Hemidactylus mabuoia,12594,Ephermeroptera,0
1605,Hemidactylus mabuoia,12595,Ephermeroptera,0
1606,Hemidactylus mabuoia,12596,Ephermeroptera,0
1607,Hemidactylus mabuoia,12598,Ephermeroptera,0
1613,Hemidactylus mabuoia,12632,Ephermeroptera,0
1614,Hemidactylus mabuoia,12633,Ephermeroptera,0
1615,Hemidactylus mabuoia,12634,Ephermeroptera,0
1629,Hemidactylus mabuoia,12669,Ephermeroptera,0
1630,Hemidactylus mabuoia,12670,Ephermeroptera,0
1631,Hemidactylus mabuoia,12671,Ephermeroptera,0
1632,Hemidactylus mabuoia,12672,Ephermeroptera,0
1634,Hemidactylus mabuoia,12674,Ephermeroptera,0
1635,Hemidactylus mabuoia,12676,Ephermeroptera,0
1638,Hemidactylus mabuoia,12681,Ephermeroptera,0
1640,Hemidactylus mabuoia,12690,Ephermeroptera,0
1641,Hemidactylus mabuoia,12691,Ephermeroptera,0
1642,Hemidactylus mabuoia,12692,Ephermeroptera,0
1643,Hemidactylus mabuoia,12694,Ephermeroptera,0
1644,Hemidactylus mabuoia,12695,Ephermeroptera,0
1645,Hemidactylus mabuoia,12696,Ephermeroptera,0
1647,Hemidactylus mabuoia,12702,Ephermeroptera,0
1648,Hemidactylus mabuoia,12703,Ephermeroptera,0
1650,Hemidactylus mabuoia,12705,Ephermeroptera,0
1652,Hemidactylus mabuoia,12708,Ephermeroptera,0
1654,Hemidactylus mabuoia,12711,Ephermeroptera,0
1655,Hemidactylus mabuoia,12712,Ephermeroptera,0
1656,Hemidactylus mabuoia,12714,Ephermeroptera,0
1657,Hemidactylus mabuoia,12715,Ephermeroptera,0
1658,Hemidactylus mabuoia,12716,Ephermeroptera,0
1659,Hemidactylus mabuoia,12717,Ephermeroptera,0
1660,Hemidactylus mabuoia,12718,Ephermeroptera,0
1688,Hemidactylus mabuoia,a1,Ephermeroptera,0
1689,Hemidactylus mabuoia,a2,Ephermeroptera,0
1690,Hemidactylus mabuoia,a3,Ephermeroptera,0
1691,Hemidactylus mabuoia,a4,Ephermeroptera,0
1692,Hemidactylus mabuoia,a5,Ephermeroptera,0
1693,Hemidactylus mabuoia,a6,Ephermeroptera,0
1694,Hemidactylus mabuoia,a7,Ephermeroptera,0
1695,Hemidactylus mabuoia,a8,Ephermeroptera,0
1696,Hemidactylus mabuoia,a9,Ephermeroptera,0
1697,Hemidactylus mabuoia,a10,Ephermeroptera,0
1698,Hemidactylus mabuoia,a11,Ephermeroptera,0
1699,Hemidactylus mabuoia,a12,Ephermeroptera,0
1700,Hemidactylus mabuoia,a13,Ephermeroptera,0
1701,Hemidactylus mabuoia,a14,Ephermeroptera,0
1702,Hemidactylus mabuoia,a15,Ephermeroptera,0
1703,Hemidactylus mabuoia,a16,Ephermeroptera,0
1704,Hemidactylus mabuoia,12506,Gecko_skin,0
1705,Hemidactylus mabuoia,12507,Gecko_skin,0
1706,Hemidactylus mabuoia,12508,Gecko_skin,0
1707,Hemidactylus mabuoia,12509,Gecko_skin,0
1708,Hemidactylus mabuoia,12510,Gecko_skin,0
1720,Hemidactylus mabuoia,12540,Gecko_skin,0
1726,Hemidactylus mabuoia,12552,Gecko_skin,0
1727,Hemidactylus mabuoia,12575,Gecko_skin,0
1728,Hemidactylus mabuoia,12576,Gecko_skin,0
1729,Hemidactylus mabuoia,12577,Gecko_skin,0
1733,Hemidactylus mabuoia,12591,Gecko_skin,0
1734,Hemidactylus mabuoia,12592,Gecko_skin,0
1735,Hemidactylus mabuoia,12594,Gecko_skin,0
1736,Hemidactylus mabuoia,12595,Gecko_skin,0
1737,Hemidactylus mabuoia,12596,Gecko_skin,0
1738,Hemidactylus mabuoia,12598,Gecko_skin,0
1744,Hemidactylus mabuoia,12632,Gecko_skin,0
1745,Hemidactylus mabuoia,12633,Gecko_skin,0
1746,Hemidactylus mabuoia,12634,Gecko_skin,0
1760,Hemidactylus mabuoia,12669,Gecko_skin,0
1761,Hemidactylus mabuoia,12670,Gecko_skin,0
1762,Hemidactylus mabuoia,12671,Gecko_skin,0
1763,Hemidactylus mabuoia,12672,Gecko_skin,0
1765,Hemidactylus mabuoia,12674,Gecko_skin,0
1766,Hemidactylus mabuoia,12676,Gecko_skin,0
1769,Hemidactylus mabuoia,12681,Gecko_skin,0
1771,Hemidactylus mabuoia,12690,Gecko_skin,0
1772,Hemidactylus mabuoia,12691,Gecko_skin,0
1773,Hemidactylus mabuoia,12692,Gecko_skin,0
1774,Hemidactylus mabuoia,12694,Gecko_skin,0
1775,Hemidactylus mabuoia,12695,Gecko_skin,0
1776,Hemidactylus mabuoia,12696,Gecko_skin,0
1778,Hemidactylus mabuoia,12702,Gecko_skin,0
1779,Hemidactylus mabuoia,12703,Gecko_skin,0
1781,Hemidactylus mabuoia,12705,Gecko_skin,0
1783,Hemidactylus mabuoia,12708,Gecko_skin,0
1785,Hemidactylus mabuoia,12711,Gecko_skin,0
1786,Hemidactylus mabuoia,12712,Gecko_skin,0
1787,Hemidactylus mabuoia,12714,Gecko_skin,0
1788,Hemidactylus mabuoia,12715,Gecko_skin,0
1789,Hemidactylus mabuoia,12716,Gecko_skin,0
1790,Hemidactylus mabuoia,12717,Gecko_skin,0
1791,Hemidactylus mabuoia,12718,Gecko_skin,0
1819,Hemidactylus mabuoia,a1,Gecko_skin,0
1820,Hemidactylus mabuoia,a2,Gecko_skin,0
1821,Hemidactylus mabuoia,a3,Gecko_skin,0
1822,Hemidactylus mabuoia,a4,Gecko_skin,0
1823,Hemidactylus mabuoia,a5,Gecko_skin,0
1824,Hemidactylus mabuoia,a6,Gecko_skin,0
1825,Hemidactylus mabuoia,a7,Gecko_skin,0.5
1826,Hemidactylus mabuoia,a8,Gecko_skin,0
1827,Hemidactylus mabuoia,a9,Gecko_skin,0
1828,Hemidactylus mabuoia,a10,Gecko_skin,0
1829,Hemidactylus mabuoia,a11,Gecko_skin,0
1830,Hemidactylus mabuoia,a12,Gecko_skin,0
1831,Hemidactylus mabuoia,a13,Gecko_skin,0
1832,Hemidactylus mabuoia,a14,Gecko_skin,0
1833,Hemidactylus mabuoia,a15,Gecko_skin,0
1834,Hemidactylus mabuoia,a16,Gecko_skin,0
1835,Hemidactylus mabuoia,12506,Blattaria,0
1836,Hemidactylus mabuoia,12507,Blattaria,0
1837,Hemidactylus mabuoia,12508,Blattaria,0
1838,Hemidactylus mabuoia,12509,Blattaria,0
1839,Hemidactylus mabuoia,12510,Blattaria,0
1851,Hemidactylus mabuoia,12540,Blattaria,0
1857,Hemidactylus mabuoia,12552,Blattaria,0
1858,Hemidactylus mabuoia,12575,Blattaria,0
1859,Hemidactylus mabuoia,12576,Blattaria,0
1860,Hemidactylus mabuoia,12577,Blattaria,0
1864,Hemidactylus mabuoia,12591,Blattaria,0
1865,Hemidactylus mabuoia,12592,Blattaria,0
1866,Hemidactylus mabuoia,12594,Blattaria,0
1867,Hemidactylus mabuoia,12595,Blattaria,0
1868,Hemidactylus mabuoia,12596,Blattaria,0
1869,Hemidactylus mabuoia,12598,Blattaria,0
1875,Hemidactylus mabuoia,12632,Blattaria,0
1876,Hemidactylus mabuoia,12633,Blattaria,0
1877,Hemidactylus mabuoia,12634,Blattaria,0
1891,Hemidactylus mabuoia,12669,Blattaria,0
1892,Hemidactylus mabuoia,12670,Blattaria,0
1893,Hemidactylus mabuoia,12671,Blattaria,0
1894,Hemidactylus mabuoia,12672,Blattaria,0
1896,Hemidactylus mabuoia,12674,Blattaria,0
1897,Hemidactylus mabuoia,12676,Blattaria,0
1900,Hemidactylus mabuoia,12681,Blattaria,0.5
1902,Hemidactylus mabuoia,12690,Blattaria,0
1903,Hemidactylus mabuoia,12691,Blattaria,0
1904,Hemidactylus mabuoia,12692,Blattaria,0
1905,Hemidactylus mabuoia,12694,Blattaria,0
1906,Hemidactylus mabuoia,12695,Blattaria,0
1907,Hemidactylus mabuoia,12696,Blattaria,0
1909,Hemidactylus mabuoia,12702,Blattaria,0
1910,Hemidactylus mabuoia,12703,Blattaria,0
1912,Hemidactylus mabuoia,12705,Blattaria,0
1914,Hemidactylus mabuoia,12708,Blattaria,0
1916,Hemidactylus mabuoia,12711,Blattaria,0
1917,Hemidactylus mabuoia,12712,Blattaria,0
1918,Hemidactylus mabuoia,12714,Blattaria,1
1919,Hemidactylus mabuoia,12715,Blattaria,1
1920,Hemidactylus mabuoia,12716,Blattaria,0
1921,Hemidactylus mabuoia,12717,Blattaria,0
1922,Hemidactylus mabuoia,12718,Blattaria,0
1950,Hemidactylus mabuoia,a1,Blattaria,0
1951,Hemidactylus mabuoia,a2,Blattaria,0
1952,Hemidactylus mabuoia,a3,Blattaria,0
1953,Hemidactylus mabuoia,a4,Blattaria,0
1954,Hemidactylus mabuoia,a5,Blattaria,0
1955,Hemidactylus mabuoia,a6,Blattaria,0
1956,Hemidactylus mabuoia,a7,Blattaria,0
1957,Hemidactylus mabuoia,a8,Blattaria,0
1958,Hemidactylus mabuoia,a9,Blattaria,0
1959,Hemidactylus mabuoia,a10,Blattaria,0
1960,Hemidactylus mabuoia,a11,Blattaria,0
1961,Hemidactylus mabuoia,a12,Blattaria,0
1962,Hemidactylus mabuoia,a13,Blattaria,0
1963,Hemidactylus mabuoia,a14,Blattaria,0
1964,Hemidactylus mabuoia,a15,Blattaria,0
1965,Hemidactylus mabuoia,a16,Blattaria,0
1966,Hemidactylus mabuoia,12506,Empty,0
1967,Hemidactylus mabuoia,12507,Empty,0
1968,Hemidactylus mabuoia,12508,Empty,0
1969,Hemidactylus mabuoia,12509,Empty,0
1970,Hemidactylus mabuoia,12510,Empty,0
1982,Hemidactylus mabuoia,12540,Empty,0
1988,Hemidactylus mabuoia,12552,Empty,0
1989,Hemidactylus mabuoia,12575,Empty,1
1990,Hemidactylus mabuoia,12576,Empty,0
1991,Hemidactylus mabuoia,12577,Empty,1
1995,Hemidactylus mabuoia,12591,Empty,0
1996,Hemidactylus mabuoia,12592,Empty,1
1997,Hemidactylus mabuoia,12594,Empty,0
1998,Hemidactylus mabuoia,12595,Empty,0
1999,Hemidactylus mabuoia,12596,Empty,0
2000,Hemidactylus mabuoia,12598,Empty,0
2006,Hemidactylus mabuoia,12632,Empty,1
2007,Hemidactylus mabuoia,12633,Empty,1
2008,Hemidactylus mabuoia,12634,Empty,0
2022,Hemidactylus mabuoia,12669,Empty,0
2023,Hemidactylus mabuoia,12670,Empty,1
2024,Hemidactylus mabuoia,12671,Empty,0
2025,Hemidactylus mabuoia,12672,Empty,1
2027,Hemidactylus mabuoia,12674,Empty,1
2028,Hemidactylus mabuoia,12676,Empty,1
2031,Hemidactylus mabuoia,12681,Empty,0
2033,Hemidactylus mabuoia,12690,Empty,0
2034,Hemidactylus mabuoia,12691,Empty,0
2035,Hemidactylus mabuoia,12692,Empty,0
2036,Hemidactylus mabuoia,12694,Empty,1
2037,Hemidactylus mabuoia,12695,Empty,0
2038,Hemidactylus mabuoia,12696,Empty,0
2040,Hemidactylus mabuoia,12702,Empty,0
2041,Hemidactylus mabuoia,12703,Empty,0
2043,Hemidactylus mabuoia,12705,Empty,0
2045,Hemidactylus mabuoia,12708,Empty,0
2047,Hemidactylus mabuoia,12711,Empty,1
2048,Hemidactylus mabuoia,12712,Empty,0
2049,Hemidactylus mabuoia,12714,Empty,0
2050,Hemidactylus mabuoia,12715,Empty,0
2051,Hemidactylus mabuoia,12716,Empty,0
2052,Hemidactylus mabuoia,12717,Empty,1
2053,Hemidactylus mabuoia,12718,Empty,0
2081,Hemidactylus mabuoia,a1,Empty,0
2082,Hemidactylus mabuoia,a2,Empty,1
2083,Hemidactylus mabuoia,a3,Empty,0
2084,Hemidactylus mabuoia,a4,Empty,0
2085,Hemidactylus mabuoia,a5,Empty,0
2086,Hemidactylus mabuoia,a6,Empty,1
2087,Hemidactylus mabuoia,a7,Empty,0
2088,Hemidactylus mabuoia,a8,Empty,0
2089,Hemidactylus mabuoia,a9,Empty,0
2090,Hemidactylus mabuoia,a10,Empty,0
2091,Hemidactylus mabuoia,a11,Empty,0
2092,Hemidactylus mabuoia,a12,Empty,0
2093,Hemidactylus mabuoia,a13,Empty,0
2094,Hemidactylus mabuoia,a14,Empty,1
2095,Hemidactylus mabuoia,a15,Empty,1
2096,Hemidactylus mabuoia,a16,Empty,0
2097,Hemidactylus mabuoia,12506,Ramphotyphlops,0
2098,Hemidactylus mabuoia,12507,Ramphotyphlops,0
2099,Hemidactylus mabuoia,12508,Ramphotyphlops,0
2100,Hemidactylus mabuoia,12509,Ramphotyphlops,1
2101,Hemidactylus mabuoia,12510,Ramphotyphlops,0
2113,Hemidactylus mabuoia,12540,Ramphotyphlops,0
2119,Hemidactylus mabuoia,12552,Ramphotyphlops,0
2120,Hemidactylus mabuoia,12575,Ramphotyphlops,0
2121,Hemidactylus mabuoia,12576,Ramphotyphlops,0
2122,Hemidactylus mabuoia,12577,Ramphotyphlops,0
2126,Hemidactylus mabuoia,12591,Ramphotyphlops,0
2127,Hemidactylus mabuoia,12592,Ramphotyphlops,0
2128,Hemidactylus mabuoia,12594,Ramphotyphlops,0
2129,Hemidactylus mabuoia,12595,Ramphotyphlops,0
2130,Hemidactylus mabuoia,12596,Ramphotyphlops,0
2131,Hemidactylus mabuoia,12598,Ramphotyphlops,0
2137,Hemidactylus mabuoia,12632,Ramphotyphlops,0
2138,Hemidactylus mabuoia,12633,Ramphotyphlops,0
2139,Hemidactylus mabuoia,12634,Ramphotyphlops,0
2153,Hemidactylus mabuoia,12669,Ramphotyphlops,0
2154,Hemidactylus mabuoia,12670,Ramphotyphlops,0
2155,Hemidactylus mabuoia,12671,Ramphotyphlops,0
2156,Hemidactylus mabuoia,12672,Ramphotyphlops,0
2158,Hemidactylus mabuoia,12674,Ramphotyphlops,0
2159,Hemidactylus mabuoia,12676,Ramphotyphlops,0
2162,Hemidactylus mabuoia,12681,Ramphotyphlops,0
2164,Hemidactylus mabuoia,12690,Ramphotyphlops,0
2165,Hemidactylus mabuoia,12691,Ramphotyphlops,0
2166,Hemidactylus mabuoia,12692,Ramphotyphlops,0
2167,Hemidactylus mabuoia,12694,Ramphotyphlops,0
2168,Hemidactylus mabuoia,12695,Ramphotyphlops,0
2169,Hemidactylus mabuoia,12696,Ramphotyphlops,0
2171,Hemidactylus mabuoia,12702,Ramphotyphlops,0
2172,Hemidactylus mabuoia,12703,Ramphotyphlops,0
2174,Hemidactylus mabuoia,12705,Ramphotyphlops,0
2176,Hemidactylus mabuoia,12708,Ramphotyphlops,0
2178,Hemidactylus mabuoia,12711,Ramphotyphlops,0
2179,Hemidactylus mabuoia,12712,Ramphotyphlops,0
2180,Hemidactylus mabuoia,12714,Ramphotyphlops,0
2181,Hemidactylus mabuoia,12715,Ramphotyphlops,0
2182,Hemidactylus mabuoia,12716,Ramphotyphlops,0
2183,Hemidactylus mabuoia,12717,Ramphotyphlops,0
2184,Hemidactylus mabuoia,12718,Ramphotyphlops,0
2212,Hemidactylus mabuoia,a1,Ramphotyphlops,0
2213,Hemidactylus mabuoia,a2,Ramphotyphlops,0
2214,Hemidactylus mabuoia,a3,Ramphotyphlops,0
2215,Hemidactylus mabuoia,a4,Ramphotyphlops,0
2216,Hemidactylus mabuoia,a5,Ramphotyphlops,0
2217,Hemidactylus mabuoia,a6,Ramphotyphlops,0
2218,Hemidactylus mabuoia,a7,Ramphotyphlops,0
2219,Hemidactylus mabuoia,a8,Ramphotyphlops,0
2220,Hemidactylus mabuoia,a9,Ramphotyphlops,0
2221,Hemidactylus mabuoia,a10,Ramphotyphlops,0
2222,Hemidactylus mabuoia,a11,Ramphotyphlops,0
2223,Hemidactylus mabuoia,a12,Ramphotyphlops,0
2224,Hemidactylus mabuoia,a13,Ramphotyphlops,0
2225,Hemidactylus mabuoia,a14,Ramphotyphlops,0
2226,Hemidactylus mabuoia,a15,Ramphotyphlops,0
2227,Hemidactylus mabuoia,a16,Ramphotyphlops,0
2228,Hemidactylus mabuoia,12506,Gonatodes.antillensis,0
2229,Hemidactylus mabuoia,12507,Gonatodes.antillensis,0
2230,Hemidactylus mabuoia,12508,Gonatodes.antillensis,0
2231,Hemidactylus mabuoia,12509,Gonatodes.antillensis,0
2232,Hemidactylus mabuoia,12510,Gonatodes.antillensis,0
2244,Hemidactylus mabuoia,12540,Gonatodes.antillensis,0
2250,Hemidactylus mabuoia,12552,Gonatodes.antillensis,0
2251,Hemidactylus mabuoia,12575,Gonatodes.antillensis,0
2252,Hemidactylus mabuoia,12576,Gonatodes.antillensis,0
2253,Hemidactylus mabuoia,12577,Gonatodes.antillensis,0
2257,Hemidactylus mabuoia,12591,Gonatodes.antillensis,0
2258,Hemidactylus mabuoia,12592,Gonatodes.antillensis,0
2259,Hemidactylus mabuoia,12594,Gonatodes.antillensis,0
2260,Hemidactylus mabuoia,12595,Gonatodes.antillensis,0
2261,Hemidactylus mabuoia,12596,Gonatodes.antillensis,0
2262,Hemidactylus mabuoia,12598,Gonatodes.antillensis,0
2268,Hemidactylus mabuoia,12632,Gonatodes.antillensis,0
2269,Hemidactylus mabuoia,12633,Gonatodes.antillensis,0
2270,Hemidactylus mabuoia,12634,Gonatodes.antillensis,0
2284,Hemidactylus mabuoia,12669,Gonatodes.antillensis,0
2285,Hemidactylus mabuoia,12670,Gonatodes.antillensis,0
2286,Hemidactylus mabuoia,12671,Gonatodes.antillensis,0
2287,Hemidactylus mabuoia,12672,Gonatodes.antillensis,0
2289,Hemidactylus mabuoia,12674,Gonatodes.antillensis,0
2290,Hemidactylus mabuoia,12676,Gonatodes.antillensis,0
2293,Hemidactylus mabuoia,12681,Gonatodes.antillensis,0
2295,Hemidactylus mabuoia,12690,Gonatodes.antillensis,0
2296,Hemidactylus mabuoia,12691,Gonatodes.antillensis,0
2297,Hemidactylus mabuoia,12692,Gonatodes.antillensis,0
2298,Hemidactylus mabuoia,12694,Gonatodes.antillensis,0
2299,Hemidactylus mabuoia,12695,Gonatodes.antillensis,0
2300,Hemidactylus mabuoia,12696,Gonatodes.antillensis,0
2302,Hemidactylus mabuoia,12702,Gonatodes.antillensis,0
2303,Hemidactylus mabuoia,12703,Gonatodes.antillensis,0
2305,Hemidactylus mabuoia,12705,Gonatodes.antillensis,0
2307,Hemidactylus mabuoia,12708,Gonatodes.antillensis,0
2309,Hemidactylus mabuoia,12711,Gonatodes.antillensis,0
2310,Hemidactylus mabuoia,12712,Gonatodes.antillensis,0
2311,Hemidactylus mabuoia,12714,Gonatodes.antillensis,0
2312,Hemidactylus mabuoia,12715,Gonatodes.antillensis,0
2313,Hemidactylus mabuoia,12716,Gonatodes.antillensis,0
2314,Hemidactylus mabuoia,12717,Gonatodes.antillensis,0
2315,Hemidactylus mabuoia,12718,Gonatodes.antillensis,0
2343,Hemidactylus mabuoia,a1,Gonatodes.antillensis,0
2344,Hemidactylus mabuoia,a2,Gonatodes.antillensis,0
2345,Hemidactylus mabuoia,a3,Gonatodes.antillensis,0
2346,Hemidactylus mabuoia,a4,Gonatodes.antillensis,0
2347,Hemidactylus mabuoia,a5,Gonatodes.antillensis,0
2348,Hemidactylus mabuoia,a6,Gonatodes.antillensis,0
2349,Hemidactylus mabuoia,a7,Gonatodes.antillensis,0
2350,Hemidactylus mabuoia,a8,Gonatodes.antillensis,0
2351,Hemidactylus mabuoia,a9,Gonatodes.antillensis,0
2352,Hemidactylus mabuoia,a10,Gonatodes.antillensis,0
2353,Hemidactylus mabuoia,a11,Gonatodes.antillensis,0
2354,Hemidactylus mabuoia,a12,Gonatodes.antillensis,1
2355,Hemidactylus mabuoia,a13,Gonatodes.antillensis,0
2356,Hemidactylus mabuoia,a14,Gonatodes.antillensis,0
2357,Hemidactylus mabuoia,a15,Gonatodes.antillensis,0
2358,Hemidactylus mabuoia,a16,Gonatodes.antillensis,0
2359,Hemidactylus mabuoia,12506,Phylodactylus,0
2360,Hemidactylus mabuoia,12507,Phylodactylus,0
2361,Hemidactylus mabuoia,12508,Phylodactylus,0
2362,Hemidactylus mabuoia,12509,Phylodactylus,0
2363,Hemidactylus mabuoia,12510,Phylodactylus,0
2375,Hemidactylus mabuoia,12540,Phylodactylus,0
2381,Hemidactylus mabuoia,12552,Phylodactylus,0
2382,Hemidactylus mabuoia,12575,Phylodactylus,0
2383,Hemidactylus mabuoia,12576,Phylodactylus,0
2384,Hemidactylus mabuoia,12577,Phylodactylus,0
2388,Hemidactylus mabuoia,12591,Phylodactylus,0
2389,Hemidactylus mabuoia,12592,Phylodactylus,0
2390,Hemidactylus mabuoia,12594,Phylodactylus,0
2391,Hemidactylus mabuoia,12595,Phylodactylus,0
2392,Hemidactylus mabuoia,12596,Phylodactylus,0
2393,Hemidactylus mabuoia,12598,Phylodactylus,0
2399,Hemidactylus mabuoia,12632,Phylodactylus,0
2400,Hemidactylus mabuoia,12633,Phylodactylus,0
2401,Hemidactylus mabuoia,12634,Phylodactylus,0
2415,Hemidactylus mabuoia,12669,Phylodactylus,0
2416,Hemidactylus mabuoia,12670,Phylodactylus,0
2417,Hemidactylus mabuoia,12671,Phylodactylus,0
2418,Hemidactylus mabuoia,12672,Phylodactylus,0
2420,Hemidactylus mabuoia,12674,Phylodactylus,0
2421,Hemidactylus mabuoia,12676,Phylodactylus,0
2424,Hemidactylus mabuoia,12681,Phylodactylus,0
2426,Hemidactylus mabuoia,12690,Phylodactylus,0
2427,Hemidactylus mabuoia,12691,Phylodactylus,0
2428,Hemidactylus mabuoia,12692,Phylodactylus,0
2429,Hemidactylus mabuoia,12694,Phylodactylus,0
2430,Hemidactylus mabuoia,12695,Phylodactylus,0
2431,Hemidactylus mabuoia,12696,Phylodactylus,0
2433,Hemidactylus mabuoia,12702,Phylodactylus,0
2434,Hemidactylus mabuoia,12703,Phylodactylus,0
2436,Hemidactylus mabuoia,12705,Phylodactylus,0
2438,Hemidactylus mabuoia,12708,Phylodactylus,0
2440,Hemidactylus mabuoia,12711,Phylodactylus,0
2441,Hemidactylus mabuoia,12712,Phylodactylus,0
2442,Hemidactylus mabuoia,12714,Phylodactylus,0
2443,Hemidactylus mabuoia,12715,Phylodactylus,0
2444,Hemidactylus mabuoia,12716,Phylodactylus,0
2445,Hemidactylus mabuoia,12717,Phylodactylus,0
2446,Hemidactylus mabuoia,12718,Phylodactylus,0
2474,Hemidactylus mabuoia,a1,Phylodactylus,0
2475,Hemidactylus mabuoia,a2,Phylodactylus,0
2476,Hemidactylus mabuoia,a3,Phylodactylus,0
2477,Hemidactylus mabuoia,a4,Phylodactylus,0
2478,Hemidactylus mabuoia,a5,Phylodactylus,0
2479,Hemidactylus mabuoia,a6,Phylodactylus,0
2480,Hemidactylus mabuoia,a7,Phylodactylus,0
2481,Hemidactylus mabuoia,a8,Phylodactylus,0
2482,Hemidactylus mabuoia,a9,Phylodactylus,0
2483,Hemidactylus mabuoia,a10,Phylodactylus,0
2484,Hemidactylus mabuoia,a11,Phylodactylus,0
2485,Hemidactylus mabuoia,a12,Phylodactylus,0
2486,Hemidactylus mabuoia,a13,Phylodactylus,0
2487,Hemidactylus mabuoia,a14,Phylodactylus,0
2488,Hemidactylus mabuoia,a15,Phylodactylus,0
2489,Hemidactylus mabuoia,a16,Phylodactylus,1
